id_candidato;red_social;fecha;hora;usuario;texto;url;likes;comentarios;compartidos;vistas;fb_love;fb_haha;fb_care;fb_wow;fb_sad;fb_angry;favoritos
cepeda_ivan;Facebook;2026-06-20;18:03:53;IvanCepedaCastro;"A pocas horas.
Elegimos la vida, el bien común y la dignidad.
Hoy y siempre, por la vida.🫰🏽";https://www.facebook.com/reel/2252547432167470/;244917;14815;22903;1916573;50591;4416;4465;74;83;527;0
cepeda_ivan;Facebook;2026-06-20;16:44:53;IvanCepedaCastro;"Gracias, Yef ñ, por este espacio y por tu disposición para dialogar sobre los temas que realmente nos unen. Seguimos convencidos de que Colombia puede ser un país para todos y todas, construido sobre la base de la justicia social.

#MeLaJuegoPorLaVida";https://www.facebook.com/IvanCepedaCastro/posts/pfbid036Se3tfaxj8AFNn9gCHeirwzjo348djiXJzgbxqPj9G7vN9zAPABRAzuEfX23ndpMl;43477;1453;4459;0;8765;406;515;61;3;18;0
cepeda_ivan;Facebook;2026-06-20;16:00:22;IvanCepedaCastro;"Con el corazón abierto, persisto. Elijo la vida y me mantengo implacable en la búsqueda de la verdad y la paz . No daré un paso atrás #PorLaVida. 🤍🫰🏽

#MeLaJuegoPorLaVida";https://www.facebook.com/reel/1625523708516492/;19498;1080;1868;95323;4173;226;344;4;5;8;0
cepeda_ivan;Facebook;2026-06-20;14:24:19;IvanCepedaCastro;"Somos el Festival de Cine Colombia Migrante y  #NosLaJugamosPorLaVida y tú? 🫰🏽❤️‍🔥

🎬 Somos una plataforma internacional de cine, cultura y memoria que visibiliza las experiencias de migración, exilio, desplazamiento forzado y construcción de paz de las comunidades colombianas y latinoamericanas dentro y fuera de sus territorios.

✨ A través del cine y el arte, construimos memoria colectiva y defendemos los derechos humanos.

#Cine #Memoria #DDHH #eleccionesColombia2026";https://www.facebook.com/reel/3652497174898778/;1085;65;100;5713;216;14;26;0;0;0;0
cepeda_ivan;Facebook;2026-06-20;13:30:57;IvanCepedaCastro;"El fracking es una técnica obsoleta y el mundo ya avanza hacia las energías limpias. Implementarlo en un país biodiverso como Colombia sería una sentencia de muerte para nuestros ecosistemas. 🌿

¡Mañana vota por la vida! 🗳️
#ivánpresidente";https://www.facebook.com/reel/1565898858493568/;40891;1677;5533;183063;6890;993;519;44;57;23;0
cepeda_ivan;Facebook;2026-06-20;12:07:49;IvanCepedaCastro;"𝐌𝐄 𝐋𝐀 𝐉𝐔𝐄𝐆𝐎 𝐏𝐎𝐑 𝐋𝐎𝐒 𝐌𝐎𝐓𝐄𝐑𝐎𝐒. Reconocemos a quienes promueven la cultura vial, la solidaridad y el cuidado de sus comunidades.🫰🏽

El domingo vota decente. #PorLaVida🇨🇴";https://www.facebook.com/IvanCepedaCastro/posts/pfbid02DBHVeqAxwC1gNbDcrYA5Wr9UJLtqnzRoLp3CpMn9eYqAEcvs8WhAeeoEFw4fVmCJl;1333;58;175;0;288;20;21;0;0;0;0
cepeda_ivan;Facebook;2026-06-20;11:30:28;IvanCepedaCastro;;https://www.facebook.com/IvanCepedaCastro/posts/pfbid0iyyQyKQoNNgurydLE12szdsQHxLexUqrhZ3ivxX86E9va9UuTNW9StRXNR1L3Qu1l;691;22;40;0;164;9;15;0;0;0;0
cepeda_ivan;Facebook;2026-06-20;11:20:27;IvanCepedaCastro;"La vivienda es un derecho, no un privilegio. Nuestro proyecto propone una política integral para que las familias colombianas cuenten con un techo digno. 🏠⚖️

#PorLaVida vota decente.";https://www.facebook.com/reel/1280861790793993/;2746;156;310;14148;419;41;43;2;0;3;0
cepeda_ivan;Facebook;2026-06-20;11:07:19;IvanCepedaCastro;;https://www.facebook.com/IvanCepedaCastro/posts/pfbid02G2QnTGLCdYjrL1fK4RwYkH7uTSEnapmYK8j3DyTa5yk7rxV8UhF6Lmbtwmh6vi3jl;2356;108;621;0;546;15;64;3;6;3;0
cepeda_ivan;Facebook;2026-06-20;11:00:38;IvanCepedaCastro;;https://www.facebook.com/IvanCepedaCastro/posts/pfbid031HWjpo1MmDjvhytBZyS8JR5DBbiHeukWd7BCwZVdmuCfxVtyXu5xjwsh73ceX3ijl;1060;34;105;0;288;7;28;2;0;2;0
cepeda_ivan;Facebook;2026-06-20;10:48:05;IvanCepedaCastro;;https://www.facebook.com/IvanCepedaCastro/posts/pfbid02sJTmJFHqdojs9nhECSG4ivoNRnoaPT6j6kgikm9NcEQRLMTaVvxCakrs1MdbFaaDl;727;40;53;0;170;8;26;0;0;2;0
cepeda_ivan;Facebook;2026-06-20;09:48:32;IvanCepedaCastro;Agradezco profundamente a KarenSevillano🇨🇴 por este espacio de diálogo. Compartir nuestra visión de país a través de los argumentos e intercambio de ideas es fundamental para construir una Colombia digna para todos y todas.🫰🏽🇨🇴;https://www.facebook.com/reel/1795492575159210/;28181;732;3496;148223;7803;36;428;6;0;2;0
cepeda_ivan;Facebook;2026-06-20;09:12:55;IvanCepedaCastro;;https://www.facebook.com/IvanCepedaCastro/posts/pfbid029Kx5pNjrRGPX17LUzYuTFtPA1ykMF5bb5KaMw8JZKvK9hbTeq3m5mwKpCWF5UALdl;11712;224;589;0;4318;25;320;0;0;0;0
cepeda_ivan;Facebook;2026-06-20;07:13:54;IvanCepedaCastro;"👀¿Ya se vieron el capítulo de Por la Ventana? 

🏃Los leo en los comentarios. 😉

Me la juego por ustedes y me la juego por la vida. 🫰

#MeLaJuegoPorLaVida #ivancepedapresidente #colombia🇨🇴";https://www.facebook.com/reel/1523252402669517/;87501;1766;6800;428426;22084;641;1371;4;4;7;0
cepeda_ivan;Facebook;2026-06-20;06:08:40;IvanCepedaCastro;;https://www.facebook.com/IvanCepedaCastro/posts/pfbid0rSt6yTYKb3RA7NV4tdXPXiQxcb7GsLu7pdvXENutSbN7t26rvPTkJXQSXFkBHMNQl;689;26;33;0;149;9;14;0;0;1;0
cepeda_ivan;Facebook;2026-06-19;21:57:48;IvanCepedaCastro;;https://www.facebook.com/IvanCepedaCastro/posts/pfbid0wYx7C8GSEgJQdZPo9G9HZGs28itduBTgAC75wap2N2FJecB2rs3rZFaESSGVMcgMl;871;42;39;0;190;11;17;0;0;1;0
cepeda_ivan;Facebook;2026-06-19;21:37:12;IvanCepedaCastro;"Mucho flow para ser censurados 😎🫰 

¡Aquí nos la jugamos por la vida! 🫰 

#MeLaJuegoPorLaVida #ivancepedapresidente #colombia🇨🇴";https://www.facebook.com/reel/1557608732418972/;162155;1443;7992;962028;29349;986;2145;27;13;29;0
cepeda_ivan;Facebook;2026-06-19;20:45:02;IvanCepedaCastro;Seguiremos sembrando el cambio para mejorar las condiciones de las mujeres que trabajan en los cultivos de flores.;https://www.facebook.com/reel/4499919723607841/;18380;950;1153;74064;2732;111;292;5;1;10;0
cepeda_ivan;Facebook;2026-06-19;20:33:00;IvanCepedaCastro;"Colombia es una tierra prodigiosa que merece vivir en paz. Es hora de mirarnos a los ojos, reconocernos en nuestra grandeza. 🇨🇴✨
¡Colombia, siempre Colombia! 🫰🏽
Este 21 de junio, vota con conciencia, vota decente. 🗳️
#PorLaVida";https://www.facebook.com/reel/1034896632432260/;19374;462;2504;87577;3976;111;235;3;3;10;0
cepeda_ivan;Facebook;2026-06-19;20:01:02;IvanCepedaCastro;¡Gracias Pambelé por tu respaldo! Este 21 de junio triunfa la vida. #MeLaJuegoPorLaVida 🫰🏽🇨🇴;https://www.facebook.com/reel/1744711683643632/;25504;650;2685;100053;4229;66;328;7;2;3;0
cepeda_ivan;Facebook;2026-06-19;19:30:56;IvanCepedaCastro;"Reconocemos a quienes promueven la cultura vial, la solidaridad y el cuidado de sus comunidades.
ME LA JUEGO POR LOS MOTEROS.🫰🏽🇨🇴🏍️

Este 21 de junio vota decente.";https://www.facebook.com/IvanCepedaCastro/posts/pfbid03Y8XAPq37kcVbkfSDPgSmyGn27csdkvfZ9s13NvSSgq8AYpPw7iHwQLBwvCKp1Bal;8157;241;892;0;1939;101;118;2;1;1;0
cepeda_ivan;Facebook;2026-06-19;17:44:02;IvanCepedaCastro;"🗳️Jóvenes de Colombia, con ustedes lograremos la victoria este 21 de junio. 🇨🇴

¡Me la juego por los jóvenes, me la juego por la vida! 🫰

##MeLaJuegoPorLaVida #ivancepedapresidente #colombia🇨🇴 #parati ivancepeda";https://www.facebook.com/reel/972106078985853/;24474;913;1901;66085;4264;416;360;2;6;20;0
cepeda_ivan;Facebook;2026-06-19;17:13:01;IvanCepedaCastro;;https://www.facebook.com/IvanCepedaCastro/posts/pfbid02vVuEjcUFr74VmRaiKBNoBdoqueev7bcE4WyruoYZVdDS1iMYqkbKD22dsuf4uGhHl;793;44;46;0;187;13;22;0;0;0;0
cepeda_ivan;Facebook;2026-06-19;16:57:12;IvanCepedaCastro;🔴#ENVIVO: DECLARACIÓN A MEDIOS DE COMUNICACIÓN;https://www.facebook.com/IvanCepedaCastro/videos/1440792631146258/;15896;2399;1559;128463;4071;60;223;2;1;2;0
cepeda_ivan;Facebook;2026-06-19;16:23:09;IvanCepedaCastro;"¡JUGUÉMONOSLA JUNTAS!
Por una vida libre de violencias.
Por trabajo digno.
Por autonomía económica.

Este domingo vota por la mujeres vota #PorLaVida🫰🏽💟💜";https://www.facebook.com/IvanCepedaCastro/posts/pfbid02Zn5dpPL5NdsfGrCG3ocrjGuDe1n9Lk6pvoGWdaXXdwxEbs5RmTCHwQNZeuAWQJRl;3456;185;545;0;844;85;60;0;0;3;0
cepeda_ivan;Facebook;2026-06-19;15:56:38;IvanCepedaCastro;"Mi pequeño cóndor, 
mi planeta recién nacido, 
mi primer sistema solar, 
mi espada plena de rocío, 
no ululará la Sombra Grande 
ni los Concéntricos Abismos 
sino que en los ríos irás hacia 
el Mar Nuevo, amanecido, 
pez diademado por la aurora, 
victorioso niño surgido🫰🏽🇨🇴";https://www.facebook.com/reel/975654318674756/;39303;2064;2939;179942;9146;1042;793;7;20;12;0
cepeda_ivan;Facebook;2026-06-19;15:00:01;IvanCepedaCastro;🔴#ENVIVO: ENCUENTRO DE ADHESIÓN DE LÍDERES CRISTIANOS;https://www.facebook.com/IvanCepedaCastro/videos/1556539582700745/;31723;10510;6207;215451;8595;405;515;36;7;22;0
cepeda_ivan;Facebook;2026-06-19;14:00:33;IvanCepedaCastro;"Gracias por sus mensajitos, yo también los amo mucho. Este sueño es de todas y todos.🫰🏽🇨🇴

¡Vamos por la vida! 

#cepedapresidente
#MeLaJuegoPorLaVida";https://www.facebook.com/reel/1250506573677141/;20137;669;893;85038;4202;153;390;1;3;5;0
cepeda_ivan;Facebook;2026-06-19;11:42:14;IvanCepedaCastro;"👉 Esta es mi respuesta a Yef quien me ha hecho una invitación y la posibilidad de tener un diálogo. 

#MeLaJuegoPorLaVida #ivancepedapresidente #yerfersoncossio";https://www.facebook.com/reel/1031379786248090/;226242;7024;15186;1446636;40454;3251;2140;178;8;65;0
cepeda_ivan;Facebook;2026-06-19;08:55:30;IvanCepedaCastro;"SOBRE VINCULACIÓN FORMAL Y LLAMADO A INDAGATORIA DE URIBE

Bogotá D. C., 19 de junio de 2026.- En calidad de actor popular y apoderados en el proceso que la Fiscalía Tercera Delegada ante la Corte Suprema de Justicia adelanta en contra del expresidente de la República Álvaro Uribe Vélez, nos permitimos informar a la opinión pública lo siguiente: 
 
1.- El día de hoy, hemos sido notificados del auto de apertura de investigación formal en contra de Uribe Vélez, por el cual el ente fiscal ordenó su vinculación formal mediante indagatoria, por los presuntos delitos de concierto para delinquir agravado y homicidios en persona protegida, y por presuntamente facilitar y promover el accionar de un grupo armado ilegal, que habría tenido por base la hacienda Guacharacas. 
 
2.- Con ocasión de la denuncia que el 11 de abril de 2012, Iván Cepeda Castro presentó ante la Fiscalía General de la Nación, en contra de Álvaro y Santiago Uribe Vélez, Juan Guillermo Villegas y Santiago Gallón Henao por su presunta participación en la conformación del Bloque Metro de las Autodefensas Unidas de Colombia, el ente investigador reaperturó la investigación contra el ex mandatario, y reconoció a Cepeda Castro como actor popular.";https://www.facebook.com/IvanCepedaCastro/posts/pfbid02TqvVkeSdqz4tuQ56bpq4CNGGJnLJRRuxx5KfkWPn3xjNxq6fRmkKb2FQ6K9W9PkNl;15858;748;1751;0;3446;346;207;11;2;7;0
cepeda_ivan;Facebook;2026-06-19;08:26:42;IvanCepedaCastro;"Es mucho lo que nos une con Claudia López 👍, el compromiso superior de proteger a Colombia, garantizando derechos, libertades y reformas sociales. 🇨🇴
Vamos a hacer brillar los principios de la democracia el próximo domingo.🫰🏽

#MeLaJuegoPorLaVida";https://www.facebook.com/reel/984526344491228/;4378;169;284;32583;693;60;65;0;1;4;0
cepeda_ivan;Facebook;2026-06-18;19:15:03;IvanCepedaCastro;"Les invito a votar por la vida, la paz y los derechos. Mi compromiso es con la justicia social y la defensa de las libertades. ¡Me la juego por la vida! 

Vota decente.🫰🏽🇨🇴";https://www.facebook.com/reel/2179818549443840/;85480;3027;7938;273675;15945;766;1337;11;14;37;0
cepeda_ivan;Facebook;2026-06-18;17:22:03;IvanCepedaCastro;"¡Jóvenes estudiantes en el extranjero! 🌎✈️
Las y los invito a votar este 21 de junio #PorLaVida en todas sus formas, por la dignidad y por la justicia social. 

¡Juégatela por la vida y vota decente! 🫰🏽";https://www.facebook.com/reel/27470333882586904/;52982;1743;2974;143104;5530;462;619;5;10;24;0
cepeda_ivan;Facebook;2026-06-18;16:57:42;IvanCepedaCastro;🔴#ENVIVO: El Boletín del Gomelo - Iván Cepeda;https://www.facebook.com/IvanCepedaCastro/videos/1452647759951386/;44266;26642;8314;349722;16026;425;642;15;6;28;0
cepeda_ivan;Facebook;2026-06-18;16:03:54;IvanCepedaCastro;"🗳️Convence a una persona, si puedes, convence a más, juntos llegaremos a la victoria. 🫰

#MeLaJuegoPorLaVida #ivancepedapresidente #elecciones2026 #ivancepeda";https://www.facebook.com/reel/1306929128177302/;309511;17241;13138;1190959;49341;11228;4627;48;63;252;0
cepeda_ivan;Facebook;2026-06-18;15:57:27;IvanCepedaCastro;Las mujeres de la clase trabajadora se la juegan por la vida. ¡Es por ellas que vamos a ganar!🫰🏻;https://www.facebook.com/reel/1659706525310336/;425571;12715;33376;2461561;92808;3121;7227;74;156;120;0
cepeda_ivan;Facebook;2026-06-18;15:13:09;IvanCepedaCastro;;https://www.facebook.com/IvanCepedaCastro/posts/pfbid02tVGKuAQxM6qod6QhTK44BzQMMHXgcEUZ7eFLGSBifLzirHagcQc3XKrKeM91PEaTl;667;29;24;0;153;5;19;0;0;1;0
cepeda_ivan;Facebook;2026-06-18;15:13:03;IvanCepedaCastro;;https://www.facebook.com/IvanCepedaCastro/posts/pfbid02tHoDGeXX2mA2xyz83MmTsCbXUKLDbZx4tCDuPMsyU8xpzRtayRxFmBbCCz3wdVgxl;1197;34;289;0;204;10;20;0;0;0;0
cepeda_ivan;Facebook;2026-06-18;13:56:10;IvanCepedaCastro;"Este partido lo ganamos con decencia, valentía y la convicción de que un país mejor es posible. ¡Me la juego por nuestra pueblo, por el futuro de Colombia!🫰🏽

Este 21 de junio, votamos #PorLaVida. 🇨🇴";https://www.facebook.com/reel/1330385729064328/;3989;198;543;17194;957;50;96;0;0;2;0
cepeda_ivan;Facebook;2026-06-18;13:28:17;IvanCepedaCastro;"🗳️ Este 21 de junio los invito a ejercer su voto de manera libre y consciente. 

Vota decente, vota por Aida Quilcué e Iván Cepeda. 🫰 

#ivancepedapresidente #elecciones2026 #MeLaJuegoPorLaVida #parati #ivancepeda";https://www.facebook.com/reel/1702080237460886/;77374;3668;8200;235191;9929;953;1028;6;8;46;0
cepeda_ivan;Facebook;2026-06-18;12:02:53;IvanCepedaCastro;🔴#ENVIVO: IVÁN CEPEDA EN CARACOL NOTICIAS;https://www.facebook.com/IvanCepedaCastro/videos/1803111760660809/;74960;53362;17965;765339;23262;367;1199;12;6;30;0
cepeda_ivan;Facebook;2026-06-18;11:42:24;IvanCepedaCastro;ENCUENTRO DE IVÁN CEPEDA CON LAS MADRES COMUNITARIAS DE COLOMBIA.;https://www.facebook.com/reel/1701482700889811/;27858;2818;3411;145465;5645;280;486;4;6;11;0
cepeda_ivan;Facebook;2026-06-18;10:40:41;IvanCepedaCastro;"El 21 de junio, nuestro voto es por los derechos humanos y la protección de la institucionalidad. Gracias Claudia López 👍 y al movimiento Movimiento Imparables 🇨🇴💛💜👍 por defender la democracia y la decencia desde la independencia. 🫰🏽🇨🇴

#ivancepedapresidente #ivánnosune #melajuegoporlavida🫰🏻";https://www.facebook.com/reel/2457399158116184/;2283;140;287;15503;315;39;29;2;0;1;0
cepeda_ivan;Facebook;2026-06-18;10:13:26;IvanCepedaCastro;;https://www.facebook.com/IvanCepedaCastro/posts/pfbid0nYVLRKyX5Weg7eTrg6U1cJVtAKB1kmGDkxtid2UmzY8XEQwvTU68UiA9jiGCzkbtl;866;35;63;0;195;13;17;0;0;0;0
cepeda_ivan;Facebook;2026-06-18;09:38:56;IvanCepedaCastro;;https://www.facebook.com/IvanCepedaCastro/posts/pfbid022BHBJr1bQBwJVumepG2sFxqmzfCUw9oTSWDf1Vb8VanAJJGGdyGBCwTTPJzhqiEGl;536;20;29;0;121;10;16;0;0;0;0
cepeda_ivan;Facebook;2026-06-18;08:43:44;IvanCepedaCastro;;https://www.facebook.com/IvanCepedaCastro/posts/pfbid0wJkdzYWdiAk93XZcZH3McCsaJpP4FsPLpSeVm79o8EigsNc51yGGnthGZBdpr1CJl;1362;91;249;0;220;16;19;1;0;2;0
cepeda_ivan;Facebook;2026-06-18;08:13:24;IvanCepedaCastro;;https://www.facebook.com/IvanCepedaCastro/posts/pfbid02HVbT3M2Qm4i3feocY4nCfTzRkAH5x2RCLcbKVXB1DTD75MLcK1YGPAaVYGtTzgnXl;2189;91;808;0;317;15;29;0;0;5;0
cepeda_ivan;Facebook;2026-06-18;08:00:21;IvanCepedaCastro;"☺️ Les propongo un sueño para nuestra Colombia. 🇨🇴 

Me la juego por la vida. 🫰 

#ivancepedapresidente #MeLaJuegoPorLaVida #elecciones2026 #parati #ivancepeda";https://www.facebook.com/reel/1557905812704265/;10226;704;928;40868;1945;139;143;1;3;6;0
cepeda_ivan;Facebook;2026-06-17;20:34:20;IvanCepedaCastro;;https://www.facebook.com/IvanCepedaCastro/posts/pfbid02PpsKQvCUsJTsM1MNpEHme3GioJLYUkiNXyc3cudRp3rgVmxNZZBfz6ejZv8kFZool;792;46;29;0;125;49;11;0;1;1;0
cepeda_ivan;Facebook;2026-06-17;20:34:07;IvanCepedaCastro;;https://www.facebook.com/IvanCepedaCastro/posts/pfbid0qGBvdDTBUwT64QZ4uBB9y8m5ZHUeRRvY3xFma5JRKv7UUyNMa3XSbLadk7z22Vuxl;1018;27;28;0;202;28;16;0;0;1;0
cepeda_ivan;Facebook;2026-06-17;19:03:08;IvanCepedaCastro;"Atención, Colombia: El 21 de junio tenemos una cita con la historia. 🇨🇴
Vamos por la victoria, vamos por la vida. ¡Vota decente, vota por el país que soñamos! 🗳️✊";https://www.facebook.com/reel/1584934419731810/;5509;370;903;23296;1093;119;95;1;2;3;0
cepeda_ivan;Facebook;2026-06-17;18:16:02;IvanCepedaCastro;🔴#ENVIVO: STREAMING IVÁN CEPEDA EN RCN;https://www.facebook.com/IvanCepedaCastro/videos/1017674987456710/;39372;39889;6844;255375;14665;392;607;15;6;35;0
cepeda_ivan;Facebook;2026-06-17;17:10:04;IvanCepedaCastro;"L𝐚 𝐝𝐢𝐟𝐞𝐫𝐞𝐧𝐜𝐢𝐚 𝐞𝐬 𝐜𝐥𝐚𝐫𝐚 𝐯𝐨𝐭𝐚 𝐝𝐞𝐜𝐞𝐧𝐭𝐞. 
𝐯𝐨𝐭𝐚 #PorLaVida E𝐥 𝟐𝟏 𝐝𝐞 𝐣𝐮𝐧𝐢𝐨🫰🏽🇨🇴";https://www.facebook.com/IvanCepedaCastro/posts/pfbid02n4K4BpMW8JR9eCWEd62ELTPmrjLB91xNNyAUPb7dsUrsz5QRyaNDf6eqKHcKEC5ul;55676;3846;8338;0;17195;6061;988;14;16;34;0
cepeda_ivan;Facebook;2026-06-17;16:43:42;IvanCepedaCastro;"Sumamos fuerzas porque lo que está en juego este 21 de junio es la vida. Juégatela con nosotros. 🇨🇴🫰🏽
¡Soy Iván Cepeda y me juego por la vida!
#MeLaJuegoPorLaVida";https://www.facebook.com/reel/1024897743391881/;13465;758;939;44464;2616;452;203;6;2;22;0
cepeda_ivan;Facebook;2026-06-17;16:43:39;IvanCepedaCastro;;https://www.facebook.com/IvanCepedaCastro/posts/pfbid0KgVqL4vgxMyHa6b9Sd5R2a3fjSyeh62urxwEZgkUrsADYV9gfSPanzwAcM8Mefqzl;466;10;25;0;96;5;7;0;0;0;0
cepeda_ivan;Facebook;2026-06-17;16:43:02;IvanCepedaCastro;;https://www.facebook.com/IvanCepedaCastro/posts/pfbid02mGZ4E8m2yqGfdfm524Nd5wYFavc4KU2GNdZa6NwoegSakBR1keZC9TTWnGiY8gXPl;786;20;42;0;149;6;15;0;0;1;0
cepeda_ivan;Facebook;2026-06-17;16:42:58;IvanCepedaCastro;;https://www.facebook.com/IvanCepedaCastro/posts/pfbid023Uk6ptXruQi1DEUdGyZxrCsF34yQAHq3k6HcYFWiXnMbFcuJKsAQacfGvjSuDJ5Vl;2339;94;92;0;592;14;45;0;0;1;0
cepeda_ivan;Facebook;2026-06-17;16:42:49;IvanCepedaCastro;;https://www.facebook.com/IvanCepedaCastro/posts/pfbid0sWNFVZTSG6khZiTZdss4SHAJyrAtjscXV4nbhkCf7sV6by5tXHwmufd1jtjfusunl;873;26;33;0;199;4;15;0;0;1;0
cepeda_ivan;Facebook;2026-06-17;16:42:42;IvanCepedaCastro;;https://www.facebook.com/IvanCepedaCastro/posts/pfbid02wMUxXd7wKzBxm2x1sphJMTUoDgqHxSjr8z4qFrbiNF8PS3yNpSBNKUD4H7bm74cDl;1228;24;57;0;241;3;23;0;0;0;0
cepeda_ivan;Facebook;2026-06-17;15:14:33;IvanCepedaCastro;"🫰🏽𝐋𝐨𝐬 𝟕 𝐏𝐫𝐨𝐠𝐫𝐚𝐦𝐚𝐬 𝐩𝐚𝐫𝐚 𝐞𝐥 𝐁𝐢𝐞𝐧𝐞𝐬𝐭𝐚𝐫 𝐒𝐨𝐜𝐢𝐚𝐥 son la garantía de que nadie se quede atrás y de que la dignidad llegue a cada hogar colombiano.

✨ Este 21 de junio: ¡Gana la vida, gana la dignidad!

𝐷𝑒𝑠𝑙𝑖𝑧𝑎 𝑦 𝑐𝑜𝑛𝑜𝑐𝑒 𝑎 𝑑𝑒𝑡𝑎𝑙𝑙𝑒 𝑐𝑎𝑑𝑎 𝑝𝑟𝑜𝑔𝑟𝑎𝑚𝑎. ➡️";https://www.facebook.com/IvanCepedaCastro/posts/pfbid02Nn3BC2p1mJtmAJvRrHJ8UeydWxK7jg6s3Y8ZwRFaE6TbdNaUBb3XR6b7GtXwxMLYl;10179;351;2893;0;2618;208;151;1;1;3;0
cepeda_ivan;Facebook;2026-06-17;14:52:15;IvanCepedaCastro;"🗳️Votemos masivamente este 21 de junio contra el autoritarismo violento. ✊
 
¡Imparables por la vida, venceremos! 🫰

#MeLaJuegoPorLaVida #ivancepedapresidente #elecciones2026 #ivancepeda";https://www.facebook.com/reel/1587359843394970/;121513;2019;4467;560295;20052;2221;1379;30;15;46;0
cepeda_ivan;Facebook;2026-06-17;14:04:58;IvanCepedaCastro;"Mi reconocimiento a Claudia López 👍 y al movimiento de Movimiento Imparables 🇨🇴💛💜👍 por su compromiso inquebrantable con la democracia. Gracias por alzar la voz con independencia y por proteger los principios que sostienen nuestro Estado Social de Derecho. 🫰🏽✊🏾🇨🇴

¡#PorLaVida el 21 de junio gana el progresismo!";https://www.facebook.com/reel/1628422904931588/;34106;1404;2778;117254;7646;418;529;5;4;22;0
cepeda_ivan;Facebook;2026-06-17;12:33:50;IvanCepedaCastro;"Gracias a Más Madrid y a sus integrantes, Mónica García, Manuela Bergerot y Rita Maestre por su apoyo con la profundización de los derechos y la democracia en Colombia. 🇨🇴🇪🇸
El próximo 21 de junio, las y los colombianos en España votan #PorLaVida.";https://www.facebook.com/reel/1013853597673116/;3113;147;414;14594;462;15;40;0;0;1;0
cepeda_ivan;Facebook;2026-06-17;11:31:52;IvanCepedaCastro;;https://www.facebook.com/IvanCepedaCastro/posts/pfbid02PnMdcFqfWjy3e8G6zsKf7rNcHn6fLqm2eSAYF33zzYDLLiGnYqG9pLJGLgeU29txl;522;28;41;0;105;3;8;0;0;0;0
cepeda_ivan;Facebook;2026-06-17;11:19:25;IvanCepedaCastro;🔴#ENVIVO: UN VOTO INDEPENDIENTE, NO UNA ADHESIÓN;https://www.facebook.com/IvanCepedaCastro/videos/1568823844959123/;33424;12410;6825;214654;10980;352;506;13;7;11;0
cepeda_ivan;Facebook;2026-06-17;10:11:16;IvanCepedaCastro;;https://www.facebook.com/IvanCepedaCastro/posts/pfbid02GMrJ2aKBirjyVSQviATkXkLuqacGman9y5HGNE25iT1Peyzoe7Bo8GbrUKJtafSfl;491;18;26;0;87;4;8;0;0;0;0
cepeda_ivan;Facebook;2026-06-17;07:33:28;IvanCepedaCastro;"Cuando digo que no voy a hablar mal de nadie pero… 

Aquí nos la jugamos por la vida. 🫰 

#ivancepedapresidente #parati #colombia🇨🇴 #elecciones2026 #MeLaJuegoPorLaVida";https://www.facebook.com/reel/1540255644149458/;18528;898;1387;172350;2394;939;194;6;1;18;0
cepeda_ivan;Facebook;2026-06-17;06:49:15;IvanCepedaCastro;;https://www.facebook.com/IvanCepedaCastro/posts/pfbid0j3FR2AQwP53ZNL4WVpRmq6MP1oZzLW81ZcfAEHcC6K84bkyBWdHRMmUuYf3SSJ4dl;505;33;40;0;118;6;8;0;0;0;0
cepeda_ivan;Facebook;2026-06-17;06:47:22;IvanCepedaCastro;;https://www.facebook.com/IvanCepedaCastro/posts/pfbid034F5imx4CPYw2qoSbdrxXzCtjNwqPCMwTpYN4Tw7XKviY5qSVdCa49ee9RK84FCWTl;433;15;23;0;106;5;7;0;2;0;0
cepeda_ivan;Facebook;2026-06-17;06:47:04;IvanCepedaCastro;;https://www.facebook.com/IvanCepedaCastro/posts/pfbid02FS7rFdLy8CrkPN7XMjgVuw3t5TrzHxH6v2HbW3FDtZBSHXubPSCJ54eYJbGSwQCWl;280;6;11;0;51;5;3;0;0;0;0
cepeda_ivan;Facebook;2026-06-17;06:47:00;IvanCepedaCastro;;https://www.facebook.com/reel/1668040384253322/;65042;1946;9004;226560;6529;273;725;8;9;12;0
cepeda_ivan;Facebook;2026-06-17;06:46:37;IvanCepedaCastro;;https://www.facebook.com/IvanCepedaCastro/posts/pfbid02ELbVk3Sq2Hsv9meDxYu54ofjVyMuWEuNWf9QTa5wbWrVroF1cnrMPNY7vf1y5Lql;1122;41;80;0;254;5;16;0;0;0;0
cepeda_ivan;Facebook;2026-06-17;06:44:57;IvanCepedaCastro;;https://www.facebook.com/IvanCepedaCastro/posts/pfbid037KXnH7HwM3eQtMxNNKdkvoUMqsHa38M1aR9E5N9nqgiQnjEf49nizVpHyBYoGxFMl;2411;117;200;0;233;14;30;7;14;8;0
cepeda_ivan;Facebook;2026-06-16;21:38:01;IvanCepedaCastro;;https://www.facebook.com/IvanCepedaCastro/posts/pfbid02h3hnYX1DjdvLMbf7PAknF2bGjbr5y4u7ZWhAk1Bq8sWucTNJLK3vR4HwqD6xH3Hnl;370;15;16;0;86;2;5;0;0;0;0
cepeda_ivan;Facebook;2026-06-16;21:37:53;IvanCepedaCastro;;https://www.facebook.com/IvanCepedaCastro/posts/pfbid021WwuNwjoPG52iwQhvoCtP7wJzFtgBN6dcd7pHnfBqtnc3WTHzStQRwU5fttaZK7fl;912;27;203;0;146;3;7;0;1;4;0
cepeda_ivan;Facebook;2026-06-16;21:37:35;IvanCepedaCastro;"En el Plan Retorno compartimos con miles de viajeros, realizamos pedagogía electoral y conversamos sobre el país que queremos construir entre todas y todos.

Cada volante entregado, cada saludo, cada conversación en la vía fue una oportunidad para recordar que el futuro de Colombia no se decide desde el miedo, sino desde la participación ciudadana. 

Porque defender la vida significa apostar por la educación, el empleo, la vivienda, el agua, la paz y las oportunidades para quienes históricamente han sido excluidos.

Gracias a quienes se detuvieron a escuchar, a preguntar y a sumarse a esta gran conversación nacional. 

🫰🏻 Este 21 de junio, nos la jugamos por la vida.

🗳️ Con Iván Cepeda Presidente y Aida Quilcué Vicepresidenta.
.
.
.
#MeLaJuegoPorLaVida #IvánCepedaPresidente #AidaQuilcuéVicepresidenta #PlanRetorno 
#PedagogíaElectoral";https://www.facebook.com/reel/1009187368286292/;1182;71;100;8388;194;12;9;0;0;1;0
cepeda_ivan;Facebook;2026-06-16;21:23:25;IvanCepedaCastro;"👵🏽 A nuestros adultos mayores les debemos gratitud y reconocimiento. Por eso, nuestro compromiso es profundizar su dignidad y bienestar.
Ampliaremos el bono pensional para 4.5 millones de adultos mayores. ¡Nos la jugamos por la vida! 🫰🏽🇨🇴";https://www.facebook.com/reel/1739659540359395/;5657;319;848;21097;952;66;85;0;0;3;0
cepeda_ivan;Facebook;2026-06-16;20:00:07;IvanCepedaCastro;;https://www.facebook.com/IvanCepedaCastro/posts/pfbid02C79LqWjCh92FGYxU4js7xEVxso8rkvnyxYwu5xa31hko54SgHpwuAQBzszG2qM3Zl;855;32;71;0;202;8;15;0;0;0;0
cepeda_ivan;Facebook;2026-06-16;18:47:45;IvanCepedaCastro;"😎El verdadero +57 se la juega por la vida. 🫰🇨🇴 
#ivancepedapresidente";https://www.facebook.com/reel/1518643026396434/;344266;4655;16510;1922855;62356;4380;6989;33;197;168;0
cepeda_ivan;Facebook;2026-06-16;17:35:05;IvanCepedaCastro;"😎Vamos con toda a ganar este 21 de junio. 

¡Nos la jugamos por la vida! 🫰

#ivancepedapresidente #MeLaJuegoPorLaVida";https://www.facebook.com/reel/1479849730120843/;27086;1675;824;245552;4164;871;492;4;2;45;0
cepeda_ivan;Facebook;2026-06-16;17:10:23;IvanCepedaCastro;🔴#ENVIVO: DECLARACIÓN A MEDIOS IVÁN CEPEDA;https://www.facebook.com/IvanCepedaCastro/videos/1622800542148822/;11731;2967;1745;108656;2750;110;179;9;7;9;0
cepeda_ivan;Facebook;2026-06-16;15:51:26;IvanCepedaCastro;"Nuestro programa es claro, garantizar los derechos y una vida digna para nuestras y nuestros jóvenes mediante oportunidades concretas y reales. 

Cuidar de nuestra juventud es cuidar del futuro. 🫰🏽🇨🇴

#MeLaJuegoPorLaVida #ivánpresidente #Colombia";https://www.facebook.com/reel/4365955420386199/;25839;992;3423;73247;2624;227;274;1;4;14;0
cepeda_ivan;Facebook;2026-06-16;12:42:01;IvanCepedaCastro;"POR UN ACUERDO NACIONAL CON EL CENTRO 
16 de junio de 2026";https://www.facebook.com/reel/1733173888113565/;102660;6150;15206;667103;16244;1168;1108;24;9;44;0
cepeda_ivan;Facebook;2026-06-16;11:04:54;IvanCepedaCastro;;https://www.facebook.com/IvanCepedaCastro/posts/pfbid0bS9dsb3DhHrec25XhYAv4iS4hZsUW19pcqEUzTxCWMTqHYBZxVwbEykxagJz2xeil;726;48;75;0;153;9;9;0;0;1;0
cepeda_ivan;Facebook;2026-06-16;08:03:23;IvanCepedaCastro;Llegamos al millón en TikTok, vamos por más, por la vida vida mor. 😎🫰💚;https://www.facebook.com/IvanCepedaCastro/posts/pfbid038MpFayuXonrPEwSsUZS2A2NFwEpvDyK7K66m6eMnXLVkHUtUuYUibT4XshMF9iRTl;92279;2720;1705;0;22136;2016;1026;31;2;21;0
cepeda_ivan;Facebook;2026-06-16;07:38:39;IvanCepedaCastro;;https://www.facebook.com/IvanCepedaCastro/posts/pfbid02C5j2J7ZETqRhxYPyE4jHbqyBMNdAWkT4jzA23NGQBG761qt8qNJxWrwXEidcipozl;481;30;19;0;89;12;8;0;0;0;0
cepeda_ivan;Facebook;2026-06-16;06:52:04;IvanCepedaCastro;"¡Triunfaremos! Nos guía la esperanza y la fuerza de la democracia. Orgulloso de la campaña honesta y decente que hemos hecho juntos y juntas.

Este 21 de junio, #PorLaVida, ganaremos.🫰🏽🇨🇴";https://www.facebook.com/reel/1496908491932589/;52518;2585;3585;208821;10670;678;1117;14;26;19;0
cepeda_ivan;Facebook;2026-06-16;06:29:17;IvanCepedaCastro;;https://www.facebook.com/IvanCepedaCastro/posts/pfbid0rAVyZ4L8L8EzYSWd3319B8DqYeGGuGauibAryHEzAQpNhushFxGdnvZ47ZtFRe6jl;3492;129;76;0;930;11;53;2;0;0;0
cepeda_ivan;Facebook;2026-06-16;06:26:02;IvanCepedaCastro;;https://www.facebook.com/IvanCepedaCastro/posts/pfbid0ieruYch94sKKhXReHyzxgPpFVaYb321pKhaVhHxzDdtNmhtUHy8Xm7xnxe8LBPKRl;406;16;23;0;84;9;7;0;0;0;0
cepeda_ivan;Facebook;2026-06-15;21:38:32;IvanCepedaCastro;;https://www.facebook.com/reel/1483913819617761/;346822;9490;17425;1746755;43477;4608;4691;83;47;250;0
cepeda_ivan;Facebook;2026-06-15;20:28:32;IvanCepedaCastro;;https://www.facebook.com/IvanCepedaCastro/posts/pfbid033zSwUnvPzGisiaFbEHF4CtYgb8efDKKH8ghpusoXoYyDY12CPZTfMB8hwuByQFF1l;1216;58;62;0;276;16;16;0;0;2;0
cepeda_ivan;Facebook;2026-06-15;20:28:05;IvanCepedaCastro;;https://www.facebook.com/IvanCepedaCastro/posts/pfbid02e9CAK3656ewPZg47fh5DJUn2hhtBRBexS6xfkjxthaetuHDfNrgf7nL3o16ajHqpl;1106;42;41;0;235;13;17;0;0;2;0
cepeda_ivan;Facebook;2026-06-15;20:27:58;IvanCepedaCastro;;https://www.facebook.com/IvanCepedaCastro/posts/pfbid0gLKBvvroK6xWhzgLM1FCcm1iSLeaaXB4iZ13LhRLDhu8yA2CPAcVjoHg2hzS1mAyl;1858;71;103;0;420;14;37;0;0;1;0
cepeda_ivan;Facebook;2026-06-15;20:05:50;IvanCepedaCastro;"🫰Me la juego por ustedes y seré su presidente. 😉❤️

#ivancepedapresidente #MeLaJuegoPorLaVida";https://www.facebook.com/reel/1301263955551073/;33990;901;661;181153;5761;405;594;3;6;11;0
cepeda_ivan;Facebook;2026-06-15;18:55:36;IvanCepedaCastro;"¡Atención, compatriotas en el exterior! 🇨🇴🌍
Ya pueden ejercer su derecho al voto. El periodo de votación está abierto desde hoy 15 de junio y hasta el próximo 21 de junio. 🫰🏽
#NosLaJugamosPorLaVida";https://www.facebook.com/reel/1313396584283080/;6018;556;575;24198;1069;130;112;0;0;6;0
cepeda_ivan;Facebook;2026-06-15;13:57:01;IvanCepedaCastro;"𝐍𝐢 𝐡𝐨𝐲, 𝐧𝐢 𝐦𝐚ñ𝐚𝐧𝐚. 𝐍𝐨 𝐚𝐥 𝐟𝐫𝐚𝐜𝐤𝐢𝐧𝐠. 
Nos la jugamos por la vida, por el agua que nos sostiene, por nuestra naturaleza y por las generaciones que vienen. 🫰🏽🇨🇴";https://www.facebook.com/IvanCepedaCastro/posts/pfbid0yVsf1gfQAwpTtP3sjWGN567QXqrSeoByv7pqSn57FiTe2FAnoxAuF6Q2t4CE6eHvl;19682;2243;2743;0;4438;2504;285;5;2;21;0
cepeda_ivan;Facebook;2026-06-15;13:19:18;IvanCepedaCastro;"La salud de las y los colombianos no puede seguir esperando. Hay millones de citas y cirugías represadas.🫰🏽
Vamos a crear un modelo que garantice el acceso digno a medicamentos y atención oportuna.🇨🇴";https://www.facebook.com/reel/1735519504562486/;80416;3324;9800;328282;7532;1223;767;14;9;32;0
cepeda_ivan;Facebook;2026-06-15;12:19:12;IvanCepedaCastro;;https://www.facebook.com/IvanCepedaCastro/posts/pfbid02j3Mgw9GYsxfoNMKSrMisPzcPiiLfUthhArh1XoBSqc3gQKrf9D62CyJ8VagxyGSrl;1259;74;89;0;283;19;18;0;0;2;0
cepeda_ivan;Facebook;2026-06-15;11:40:49;IvanCepedaCastro;"💗Gracias a todos por su apoyo. 
Los quiero mucho. ☺️🫰

#ivancepeda #ivancepedapresidente #heroe #MeLaJuegoPorLaVida";https://www.facebook.com/reel/1020063827637048/;215651;6645;12484;1021915;42046;3255;3991;44;24;84;0
cepeda_ivan;Facebook;2026-06-15;11:10:55;IvanCepedaCastro;;https://www.facebook.com/IvanCepedaCastro/posts/pfbid02vbubMXLm4mfscWScf87mcSHgjhG1scSQbFfgdrgDh3Jb8JUgj3Yzuur3KurqTyxMl;498;11;28;0;142;9;12;0;0;2;0
delaespriella_abelardo;Facebook;2026-06-20;18:30:30;DELAESPRIELLAstyle;"En unas horas estaré en vivo junto a @VickyDavilaH en todas mis redes sociales y por la @RevistaSemana.

¡Los invito a conectarse!
#AbelardoPresidente

Firme por la Patria. 🇨🇴🐅";https://www.facebook.com/DELAESPRIELLAstyle/posts/pfbid028DJGddaNfUptCK7DRBkVqRu3wo5DsRDb42zR1zoFyHPDA41ahZdqgqgPXJ7vwYsHl;2659;265;157;0;305;109;25;1;3;6;0
delaespriella_abelardo;Facebook;2026-06-20;16:30:18;DELAESPRIELLAstyle;"Nosotros traemos un nuevo orden para el país, en el marco de la Constitución y la ley, para servirle a la gente que más lo necesita.

Firme por la Patria. 🇨🇴🐅";https://www.facebook.com/reel/2521016448318490/;1813;139;284;15808;150;60;15;2;0;2;0
delaespriella_abelardo;Facebook;2026-06-20;15:46:03;DELAESPRIELLAstyle;"El rugido de Colombia ya se escuchó en la cancha ¡ahora hagamos que se escuche el del Tigre!

Mañana cada voto cuenta.
¡Ponle la raya al Tigre! 
#AbelardoPresidente

Firme por la Patria. 🇨🇴🐅";https://www.facebook.com/reel/26884453377923626/;828;91;84;5449;86;37;13;1;0;1;0
delaespriella_abelardo;Facebook;2026-06-20;15:37:42;DELAESPRIELLAstyle;"Nada de triunfalismos, el partido se acaba con el pitazo final. 

Hoy y mañana nos jugamos la final; vamos a invitar a más indecisos, a más abstencionistas, a los que NUNCA han tenido un Presidente, a que salgan a votar. 🗳️🇨🇴

Que nadie se quede en casa: todos a madrugar a ponerle la raya al Tigre.

#AbelardoPresidente

Firme por la Patria. 🇨🇴🐅";https://www.facebook.com/reel/27363670029964471/;7893;1144;1459;34578;937;389;68;2;0;6;0
delaespriella_abelardo;Facebook;2026-06-20;14:00:18;DELAESPRIELLAstyle;"Verdad sobre el gobierno del Tigre sobre los subsidios: 
Los subsidios son para la gente que los necesita, como nuestros abuelos, las madres ciudadoras, las madres cabeza de familia y las personas que están en situación de pobreza.

Reorganizaré los subsidios y buscaré aumentarlos.
Firme por la Patria. 🇨🇴🐅";https://www.facebook.com/reel/1382273010622651/;394;125;99;6444;25;39;2;0;0;3;0
delaespriella_abelardo;Facebook;2026-06-20;13:58:33;DELAESPRIELLAstyle;"Hoy a las 8:00 p.m. #EnVivo por todas mis redes sociales y por Revista Semana: entrevista con Vicky Davila.

¡Rumbo a la Patria Milagro!
Firme por la Patria. 🇨🇴🐅";https://www.facebook.com/DELAESPRIELLAstyle/posts/pfbid0eFRGbp1PT1eoNX3ryfeFix3iwBa3F3TeB538yCmxa2j76M4ewvvqY6yBuTf2Rpxhl;4155;490;281;0;380;163;28;0;1;1;0
delaespriella_abelardo;Facebook;2026-06-20;10:23:37;DELAESPRIELLAstyle;"Los que hicieron este video son unos genios. ⚽🐅

Y además entendieron algo fundamental: el partido se juega hasta el pitazo final.

No podemos bajar la guardia ni un solo minuto. Cada voto por el Tigre es un gol contra los de siempre.

Por eso hay que salir temprano a votar, llevar a la familia, convencer a los amigos y seguir sumando más y más colombianos a esta gran manada.

Este partido no lo vamos a ganar por un gol de diferencia. Lo vamos a ganar por goleada.

¡A dejarlo todo en la cancha!
#AbelardoPresidente

Firme por la Patria. 🇨🇴🐅";https://www.facebook.com/reel/1051661784467158/;5136;594;1435;30399;847;167;77;2;1;1;0
delaespriella_abelardo;Facebook;2026-06-20;10:00:49;DELAESPRIELLAstyle;"Con la ayuda de Dios y la fuerza pública, haré de Colombia un país seguro, próspero y con futuro en la Patria Milagro.

Firme por la Patria. 🇨🇴🐅";https://www.facebook.com/reel/890634667421690/;907;114;94;5983;87;40;5;0;0;0;0
delaespriella_abelardo;Facebook;2026-06-20;09:29:59;DELAESPRIELLAstyle;"¡Mañana es el día! 

Mañana decide la patria.
Mañana gana Colombia.

¡Ponle la raya al Tigre!
Firme por la Patria. 🇨🇴🐅";https://www.facebook.com/DELAESPRIELLAstyle/posts/pfbid0VFWAk2VLvr7FHjukjjn6p388tM5274WWvGDvdqNUWtE78GVHFu92UELKzL6znLe8l;10784;1471;1529;0;1631;349;127;2;1;12;0
delaespriella_abelardo;Facebook;2026-06-20;08:01:06;DELAESPRIELLAstyle;"A los jóvenes de la primera línea les digo: no se dejen utilizar; mientras ustedes se exponen en las calles, los políticos que están detrás hacen tratos por debajo de la mesa.

En la era del Tigre, si actúan en el marco de la Constitución y la ley, les daré todas las oportunidades para que puedan materializar sus sueños.

Firme por la Patria. 🇨🇴🐅";https://www.facebook.com/reel/2473255513157594/;3300;491;689;22942;278;172;21;0;0;2;0
delaespriella_abelardo;Facebook;2026-06-19;19:25:50;DELAESPRIELLAstyle;"Recibí la patadita de la buena suerte del legendario Jorge Barón.

¡Gracias por su apoyo, maestro!

Firme por la Patria. 🇨🇴🐅";https://www.facebook.com/reel/1538842090984110/;37045;2588;5894;300929;4158;1389;377;16;7;34;0
delaespriella_abelardo;Facebook;2026-06-19;18:05:30;DELAESPRIELLAstyle;"Haré una verdadera revolución en el deporte colombiano, dandole la importancia que se merece.

Firme por la Patria. 🇨🇴🐅";https://www.facebook.com/reel/1932612884082715/;8166;593;1174;51064;767;360;78;3;2;3;0
delaespriella_abelardo;Facebook;2026-06-19;17:41:38;DELAESPRIELLAstyle;"Gracias Colombia! 

Este domingo 21 de junio todos haremos historia. Tu voto es importante para lograr el sueño llamado la Patria Milagro.

Ponle la raya al Tigre ¡Estamos listos para unirnos!
Firme por la Patria. 🇨🇴🐅";https://www.facebook.com/reel/1047775164861251/;2236;338;373;10866;330;51;26;1;0;0;0
delaespriella_abelardo;Facebook;2026-06-19;15:40:46;DELAESPRIELLAstyle;"¡Gracias por tu respaldo Borja! 

Es ahora o nunca colombianos, a darla toda este 21 de junio: Vota por la Patria Milagro.

Firme por la Patria. 🇨🇴🐅";https://www.facebook.com/reel/2375053516238372/;36418;3734;4798;213622;2135;7107;217;16;24;65;0
delaespriella_abelardo;Facebook;2026-06-19;12:29:24;DELAESPRIELLAstyle;"Esto se gana hasta que se gana.

No podemos confiarnos ni un solo minuto. Hemos llegado muy lejos gracias al esfuerzo de millones de colombianos, pero el partido solo termina cuando el árbitro pita el final.

Por eso les pido que este 21 de junio salgan a votar temprano, lleven a sus familias, inviten a sus amigos y sigan sumando más gente a esta gran manada.

¡Tenemos que pelear hasta el último voto!

Llegó la hora de dejarlo todo en la cancha y demostrarle al país la fuerza de nuestro patriotismo.

Si gana el Tigre, gana Colombia.

Firme por la Patria. 🇨🇴🐅";https://www.facebook.com/reel/1645819403376613/;31212;2285;5218;188697;1533;820;194;17;4;18;0
delaespriella_abelardo;Facebook;2026-06-19;08:43:21;DELAESPRIELLAstyle;"Gracias Sonia, por cumplir los deseos de Jeison Jiménez. 

Bienvenida a la manada del Tigre. 🇨🇴🐅";https://www.facebook.com/reel/1396674465853396/;53861;3033;9076;378297;9556;2415;679;17;108;51;0
delaespriella_abelardo;Facebook;2026-06-18;18:26:03;DELAESPRIELLAstyle;"Qué alegría compartir con grandes exponentes de la música popular colombiana.

Gracias por su cariño, por su respaldo y por demostrar que esta causa une a colombianos de todos los rincones y de todos los sectores. Ustedes también hacen parte de esta gran manada que sueña con una Patria Milagro.

En mi gobierno, los artistas volverán a ocupar el lugar que merecen. Trabajaremos para dignificar su labor, proteger sus derechos de autor, fortalecer la industria musical y crear más oportunidades para que el talento colombiano pueda vivir de su arte y conquistar escenarios en Colombia y en el mundo.

Porque cuando la cultura prospera, prospera la Patria.

Firme por la Patria. 🇨🇴🐅";https://www.facebook.com/reel/2174542879962521/;99720;6551;17960;784433;10376;10505;925;72;127;305;0
delaespriella_abelardo;Facebook;2026-06-18;17:31:28;DELAESPRIELLAstyle;"Hoy #EnVivo con la casa periodística El Tiempo, a las 7:00 pm. 

¡Conéctate en todas mis redes sociales!
Firme por la Patria. 🇨🇴🐅";https://www.facebook.com/DELAESPRIELLAstyle/posts/pfbid02Hwb1apHsYq1NVESoo9q2a5JvKja7pAhyFYuYbs55981bH3MaypoY3cfiQsh6FAi5l;3150;439;160;0;325;228;30;0;0;4;0
delaespriella_abelardo;Facebook;2026-06-18;14:25:54;DELAESPRIELLAstyle;"La Selección ya nos dió una alegría ¡Ahora es tu turno!

Este 21 de junio ponle la raya al Tigre. 🗳️
Firme por la Patria. 🇨🇴🐅

#ColombiaGanaConElTigre";https://www.facebook.com/reel/861277963703590/;9647;578;1132;35519;1025;203;150;1;2;4;0
delaespriella_abelardo;Facebook;2026-06-18;13:06:18;DELAESPRIELLAstyle;"¡Viva la libertad, carajo!

Agradezco profundamente el respaldo y las palabras de aliento del presidente de Argentina, Javier Milei.

Estoy convencido de que un León en Argentina y un Tigre en Colombia pueden ayudar a construir una Latinoamérica más fuerte, más libre y con más oportunidades para todos.

Firme por la Patria. 🇨🇴🐅🇦🇷🦁";https://www.facebook.com/reel/2343094352881795/;25756;3971;2636;194306;1909;9772;157;23;56;188;0
delaespriella_abelardo;Facebook;2026-06-18;10:46:32;DELAESPRIELLAstyle;"¡Putumayo, ponle la raya al Tigre! Yo vendré a resolver sus necesidades y tendrán un lugar especial en mi gobierno. 

Firme por el Putumayo y Firme por la Patria. 🇨🇴🐅";https://www.facebook.com/reel/1342076687553491/;2337;407;163;10967;194;151;21;3;0;4;0
delaespriella_abelardo;Facebook;2026-06-18;10:04:36;DELAESPRIELLAstyle;"Lo ocurrido demuestra una verdad que los colombianos no pueden ignorar: cuando los criminales dejan de servir a los intereses del poder, entonces sí aparecen las órdenes para combatirlos.

Durante años nos vendieron una supuesta paz mientras los grupos armados crecían, se fortalecían y extendían su control sobre distintas regiones del país. Hoy vemos cómo esa relación se rompe y cómo termina convirtiéndose en una pelea entre bandidos.

Colombia merece algo diferente. Merece un gobierno que no negocie con los criminales, que no los utilice y que los combata desde el primer día con toda la fuerza de la ley.

Por eso la Patria Milagro es más necesaria que nunca. Porque llegó la hora de recuperar la autoridad, proteger a los ciudadanos y devolverle la tranquilidad a nuestra Nación.

Este 21 de junio salgamos masivamente a votar.

Si gana el Tigre, gana Colombia. 🇨🇴🐅

Firme por la Patria.";https://www.facebook.com/reel/3444600312362137/;18417;2238;3128;112784;1277;954;125;28;9;32;0
delaespriella_abelardo;Facebook;2026-06-17;21:40:02;DELAESPRIELLAstyle;"Hemos venido al estadio Romelio Martínez a ver el gran partido que Colombia va a ganar.

¡Hoy gana la selección y el 21 gana Colombia con el Tigre! 

Firme por la Patria. 🇨🇴🐅";https://www.facebook.com/reel/2023073861748169/;79714;6538;3215;535221;9234;15127;730;30;9;81;0
delaespriella_abelardo;Facebook;2026-06-17;19:00:46;DELAESPRIELLAstyle;"#ColombiaGanaConElTigre 🇨🇴⚽🐅

Lo he dado todo en esta campaña. Me he puesto la 10 por la Patria Milagro y he dejado el alma en cada ciudad, en cada pueblo y en cada rincón de Colombia.

Pero este partido nunca lo he jugado solo. El verdadero equipo ha sido el pueblo colombiano. Ustedes, con su fervor, sus abrazos, sus palabras de aliento y su amor por la Patria, son quienes han hecho posible este movimiento que hoy recorre toda Colombia.

Estamos en los minutos finales del partido más importante de nuestra historia. Y ahora nos toca salir a la cancha una vez más: con la camiseta puesta, el corazón lleno de esperanza y la convicción de que Colombia merece ganar.

Este 21 de junio salgan a votar, pónganse la amarilla y demostremos juntos el patriotismo que sentimos por nuestra Nación.

Si gana el Tigre, gana Colombia.

Firme por la Patria. 🇨🇴🐅";https://www.facebook.com/reel/2110749802834169/;8658;1015;1912;56344;1322;326;124;3;0;6;0
delaespriella_abelardo;Facebook;2026-06-17;12:37:13;DELAESPRIELLAstyle;"En minutos #EnVivo con Noticias Caracol. 

Entra ya a mis redes sociales y conéctate rumbo a la Patria Milagro.

Firme por la Patria. 🇨🇴🐅";https://www.facebook.com/DELAESPRIELLAstyle/posts/pfbid0sDmUjzNnzE62h6RkGDNhzLxAadCudpWvGEtdYFeH7bswsw7XHBmDwMCW9xkFP9BPl;1663;210;81;0;197;36;16;0;0;3;0
delaespriella_abelardo;Facebook;2026-06-17;11:02:46;DELAESPRIELLAstyle;"¡FALTAN 4 DÍAS!

La esperanza se convierte en acción cuando los ciudadanos salen a votar.

Vota este 21 de junio por el Tigre.
Firme por la Patria. 🇨🇴🐅";https://www.facebook.com/DELAESPRIELLAstyle/posts/pfbid0WhA9yGci4VfW2U5rmtjuMpA621b5ZuNusgDKPNnB8YaJjq1YeZkY95r7do66r1LYl;3694;460;465;0;529;167;30;0;2;5;0
delaespriella_abelardo;Facebook;2026-06-17;10:23:58;DELAESPRIELLAstyle;"Lo que está ocurriendo es extremadamente grave.

A pocos días de la elección definitiva para la Presidencia de Colombia, Gustavo Petro ordena a la Fuerza Pública cesar operaciones contra estructuras narcoterroristas y criminales, una decisión que genera enormes preocupaciones sobre la seguridad nacional y sobre el mensaje que se les envía a quienes, durante años, han sembrado violencia en nuestro país.

Los colombianos no podemos normalizar que el Estado renuncie a perseguir a quienes amenazan la vida, la libertad y la tranquilidad de millones de ciudadanos.

Este es un llamado a todos los Tigres y Tigresas de la Patria. No podemos quedarnos en casa. Debemos salir masivamente a votar para defender la democracia, las instituciones y el futuro de Colombia.

La batalla final está cerca y el país necesita que cada ciudadano haga valer su derecho en las urnas.

Este 21 de junio ponle la raya al Tigre. Si gana el Tigre, gana Colombia.

Firme por la Patria. 🇨🇴🐅";https://www.facebook.com/reel/1040293608335116/;18389;3040;6077;125232;1433;585;131;124;51;112;0
delaespriella_abelardo;Facebook;2026-06-17;08:15:36;DELAESPRIELLAstyle;"Colombianos en el exterior: hay que seguir multiplicando los votos. Los invito a salir masivamente a votar para consolidar la Patria Milagro.

Firme por la Patria. 🫡🇨🇴🐅";https://www.facebook.com/reel/1003728672491635/;11611;1931;1056;46738;1654;294;147;2;0;21;0
delaespriella_abelardo;Facebook;2026-06-16;18:20:43;DELAESPRIELLAstyle;"Hace 11 meses emprendí un camino que me cambió la vida.

Recorrí Colombia de punta a punta, conocí historias que me inspiraron, abracé a miles de compatriotas y confirmé que esta Patria está llena de gente buena que jamás ha dejado de creer.

Cada sonrisa, cada palabra de aliento y cada abrazo los llevo guardados en el corazón. Por eso, quizás la parte más difícil de este momento es saber que esta etapa de la campaña llega a su fin. Porque más allá de la política, ha sido una oportunidad única para estrechar lazos de patriotismo, caminar junto a los Defensores de la Patria y reencontrarme con el alma de Colombia.

Gracias por abrirme las puertas de sus ciudades, de sus pueblos y de sus hogares. Gracias por permitirme conocer, una vez más, la grandeza de nuestra gente.

Pero esto no termina aquí. Lo mejor está por comenzar.

Este 21 de junio vota por la Patria Milagro. Porque si gana el Tigre, gana Colombia.

Firme por la Patria. 🇨🇴🐅";https://www.facebook.com/reel/2503626480057462/;2956;452;315;11298;382;90;39;1;1;1;0
delaespriella_abelardo;Facebook;2026-06-16;16:46:46;DELAESPRIELLAstyle;"Hoy a las 6:00 p.m. conéctate a todas mis redes sociales y sigue la entrevista #EnVivo para Blu Radio, con Néstor Morales.

Firme por la Patria. 🇨🇴🐅";https://www.facebook.com/DELAESPRIELLAstyle/posts/pfbid0p2sgDdyFR6VJxxzfmzJ3Tf8AWV6BQkqTA4BP1Pu9sXhzZs9U4aVzFFF7kync1zPCl;2324;323;120;0;253;76;17;1;0;2;0
delaespriella_abelardo;Facebook;2026-06-16;15:16:28;DELAESPRIELLAstyle;"Defensores de la Patria, sigamos trabajando para que más araucanos le pongan la raya al tigre, este 21 de junio.

Firme por la Patria. 🇨🇴🐅";https://www.facebook.com/reel/997510189838995/;3885;585;279;15528;446;198;31;2;0;5;0
delaespriella_abelardo;Facebook;2026-06-16;10:12:07;DELAESPRIELLAstyle;"Mientras Cepeda hace lo que ha hecho durante toda su vida política: sustentar su carrera en denuncias falsas, señalamientos infundados y mentiras, yo sigo enfocado en trabajar por Colombia, como caballo cochero, rumbo a la Patria Milagro.

Para que no pierda el tiempo conmigo, le sugiero que denuncie a todos los miembros del Gobierno y congresista del Pacto Histórico que se han robado el país.

Colombia tendrá un presidente en buen estado físico, con la energía, la disciplina y la fortaleza necesarias para dar la batalla y enfrentar con determinación todo lo que viene. 🥊

Mientras unos viven de instrumentalizar la justicia para hacer montajes, yo trabajo por el futuro de la Nación.

Firme por la Patria. 🇨🇴🐅";https://www.facebook.com/reel/996482279853021/;88929;18288;4471;718295;5921;47809;471;56;31;201;0
delaespriella_abelardo;Facebook;2026-06-16;09:16:35;DELAESPRIELLAstyle;"¡FALTAN 5 DÍAS!

La decisión está en nuestras manos.
Construyamos juntos el futuro que Colombia merece.

Este 21 de junio vota por la Patria Milagro.

Firme por la Patria. 🇨🇴🐅";https://www.facebook.com/DELAESPRIELLAstyle/posts/pfbid0eCoFQwtoAcAuyZZyfoN5PPsXkEnuwgC7rA2mRB2SgXB2AyuhqNvWxE4K3Q7GgJEvl;3664;786;439;0;465;182;33;2;1;6;0
delaespriella_abelardo;Facebook;2026-06-16;07:41:00;DELAESPRIELLAstyle;"¡Al bandidaje se le enfrenta como es!

Nos estamos jugando el partido final entre el estatismo vs la democracia y no permitiremos que se imponga un modelo político y económico fracasado en todo el mundo. 

Firme por la Patria. 🇨🇴🐅";https://www.facebook.com/reel/2249595045858253/;21059;3012;5387;165796;1929;842;149;5;3;23;0
delaespriella_abelardo;Facebook;2026-06-15;22:18:47;DELAESPRIELLAstyle;"La campaña de Cepeda está plagada de mentiras, difamación y desinformación en mi contra. Están acostumbrados a combinar todas las formas de lucha, junto a los narcoterroristas, para sembrar miedo y odio. 

Pero nosotros vinimos a hacer las cosas bien, rodeándonos de los mejores, para llevar a Colombia al lugar que se merece, que es la Patria Milagro. 

Firme por la Patria. 🇨🇴🐅";https://www.facebook.com/reel/1501336121533651/;34469;7601;8097;267127;2272;6989;163;50;20;73;0
delaespriella_abelardo;Facebook;2026-06-15;19:00:28;DELAESPRIELLAstyle;"Cerramos esta extraordinaria campaña en la Ciudad Señora de Colombia, a los pies del Señor de los Milagros de Buga.

Aquí comprendí que esta causa ya no pertenece a un candidato ni a una campaña. Pertenece a millones de colombianos que decidieron ponerse de pie para defender la libertad, recuperar la esperanza y construir la Patria Milagro.

Gracias Valle del Cauca. Gracias Buga. Gracias a cada colombiano que durante estos once meses caminó, luchó, creyó y nunca se rindió.

La batalla política la tenemos en el bolsillo. Ahora corresponde ganar la batalla espiritual.

Con la ayuda de Dios, el próximo 21 de junio celebraremos juntos la victoria de Colombia.

Firme por la Patria. 🇨🇴🐅";https://www.facebook.com/reel/27919292857663395/;30750;3107;5586;146557;4789;788;418;8;6;22;0
delaespriella_abelardo;Facebook;2026-06-15;15:05:28;DELAESPRIELLAstyle;"#EnVivo hoy en todas mis redes sociales: entrevista en @NoticiasRCN, a las 8:00 p.m. 

¡Rumbo a la Patria Milagro!
Conéctate en mis diferentes plataformas digitales.

Firme por la Patria. 🫡
(A.D.L.E) 🇨🇴🐅";https://www.facebook.com/DELAESPRIELLAstyle/posts/pfbid02sFYtF9GcgGXCXDyvzYebwQtJGx7eXpoMLnfknVkcsLJJRpcew1VcpdBdXSESyPal;6817;958;786;0;781;140;61;1;1;3;0
delaespriella_abelardo;Facebook;2026-06-15;13:51:29;DELAESPRIELLAstyle;"¡No podemos permitir que continue el deterioro nacional!

La era del Tigre será la de la reconstrucción nacional, de la seguridad, del desarrollo, del empleo, de las oportunidades y del respeto por la ley.

La era del orgullo de ser colombianos.
Firme por la Patria. 🇨🇴🐅";https://www.facebook.com/reel/1729309368074654/;2475;581;303;11239;259;114;27;2;0;2;0
delaespriella_abelardo;Facebook;2026-06-15;11:07:43;DELAESPRIELLAstyle;"No podía existir un lugar más apropiado para cerrar esta campaña que Buga, la tierra donde la fe se encuentra con la esperanza y la esperanza se convierte en destino.

Regresé ante el Señor de los Milagros para agradecerle por estos once meses de lucha, por cada abrazo, cada oración y cada colombiano que creyó que sí era posible cambiar la historia.

He recorrido la Patria de punta a punta y confirmé algo que nadie podrá negar: Colombia despertó. Colombia perdió el miedo. Colombia decidió recuperar su destino.

Con humildad, con gratitud y con la confianza puesta en Dios, seguimos adelante hasta la victoria.

Nos quedan menos de seis días para acudir a las urnas y defender lo que creemos: la libertad, la democracia y la institucionalidad. Vota este 21 de junio por el Tigre. 

Que ruja Buga. Que ruja el Valle. Que ruja Colombia.

Firme por la Patria. 🇨🇴🐅";https://www.facebook.com/DELAESPRIELLAstyle/posts/pfbid08o3bPUgtxtVx4Qs6MSYgZQeMLigfju7Jz18s5DcPbeoKhrcXiWNH3AaaWyHmuQyhl;18966;1317;1525;0;3521;903;260;9;4;4;0
delaespriella_abelardo;Facebook;2026-06-15;09:52:36;DELAESPRIELLAstyle;"¡FALTAN 6 DÍAS!

Cada voto cuenta.
Cada colombiano puede ser protagonista del cambio que necesita la Patria.

Este 21 de junio ponle la raya al Tigre. 
Firme por la Patria. 🇨🇴🐅";https://www.facebook.com/DELAESPRIELLAstyle/posts/pfbid02B3zDuFiWeWWGGFWVpJq1Jy2VY3vJT1rAMxeixcXoTFSrXiU3JR4WNqAkFD3TkssYl;9940;1555;1163;0;1172;346;108;1;2;10;0
delaespriella_abelardo;Facebook;2026-06-14;18:02:34;DELAESPRIELLAstyle;"#EnVivo Cierre de Campaña en Buga. 

Entra ya: https://www.youtube.com/live/Zu1-fHnMIjs?si=xeMUKJBVum5tFyhl

Firme por la Patria. 🇨🇴🐅";https://www.facebook.com/DELAESPRIELLAstyle/posts/pfbid029M3ReQHbhqPwXKtmjU4XRS3ch2GpveJf6wjMHBoUsse9FdBtPbKhqVfzs3EwVU5Vl;1172;120;49;0;164;52;19;0;0;0;0
delaespriella_abelardo;Facebook;2026-06-14;16:55:20;DELAESPRIELLAstyle;"¡FALTAN 7 DÍAS!

Colombia merece volver a creer.
Es tiempo de elegir carácter, firmeza y liderazgo.

Vota este 21 de junio por Abelardo De La Espriella.
Firme por la Patria. 🇨🇴🐅";https://www.facebook.com/DELAESPRIELLAstyle/posts/pfbid02ZESA3FZGrXhTjtGKtY1FKCqpZLiVzR1vK5jrbrWsEy3oMnfAxKWFVtDCamtV3qMl;1873;415;122;0;209;86;19;0;0;0;0
delaespriella_abelardo;Facebook;2026-06-14;12:56:48;DELAESPRIELLAstyle;"Hoy será el gran cierre de esta extraordinaria campaña en Buga. Los espero junto al Milagroso de Buga.

Hoy termina la campaña y comienza la transformación de Colombia para siempre.

La victoria de la Patria está cada vez más cerca.

Hoy más que nunca, Firmes por la Patria. 🇨🇴🐅";https://www.facebook.com/reel/1879588309383006/;36083;3794;1780;181379;4099;1599;321;8;8;44;0
delaespriella_abelardo;Facebook;2026-06-14;12:40:20;DELAESPRIELLAstyle;"Gracias, Alex Campos, por tus palabras, tus oraciones y tu cariño.

Recibo este saludo con humildad y con la convicción de que cuando Dios guía el camino, no hay obstáculo imposible de superar.

Seguimos adelante con fe, esperanza y amor por Colombia.

Los invito a ver el video completo en mi canal de YouTube: De La Espriella Style.

Si gana el Tigre, gana Colombia.
Firme por la Patria. 🇨🇴🐅";https://www.facebook.com/reel/1721093792254748/;51458;4768;10208;256476;8123;1612;650;39;80;85;0
delaespriella_abelardo;Facebook;2026-06-14;09:02:58;DELAESPRIELLAstyle;"Hoy celebro uno de los regalos más hermosos que Dios me ha dado: Francesca. 💖

Hoy cumple 4 años la niña que llena mis días de alegría, ternura y amor. Mi pequeña traviesa, mi princesa hermosa, tiene el don de iluminar cada lugar al que llega.

Cada día estoy más enamorado de su alegría, de su corazón noble y de esa capacidad única que tiene para contagiar felicidad a quienes la rodean. Verla crecer ha sido uno de los mayores privilegios y bendiciones que Dios me ha regalado.

Nos cantamos porque nos amamos. Ella me canta con la dulzura que la caracteriza, y yo le canto con el corazón lleno de gratitud por el inmenso regalo que es en mi vida.

Franci, deseo que nunca pierdas esa sonrisa que alegra mis días, que Dios te bendiga, te proteja y te permita cumplir cada uno de los sueños que guarda tu corazón.

Gracias por hacerme tan feliz, por enseñarme a amar de una manera que jamás imaginé y por llenar mi vida de momentos inolvidables.

Y qué bendición que su cumpleaños coincida con el Día del Padre, porque si algo tengo claro es que mis hijos siempre serán mi mejor regalo.

Feliz cumpleaños, mi pequeña traviesa. Te amo con toda mi alma. ❤️";https://www.facebook.com/reel/4492133437738483/;85326;8456;6297;501340;19517;851;1650;13;4;14;0
delaespriella_abelardo;Facebook;2026-06-14;07:05:02;DELAESPRIELLAstyle;"Conmigo, lo que se ve es lo que hay.

En la campaña he mostrado mi vida entera al Pueblo colombiano.

La vida de quien aspira a liderar a su Pueblo deja de ser privada y le pertenece a los ciudadanos.

Aquí encuentran mi historia clínica: https://defensoresdelapatria.com/wp-content/uploads/2026/06/Historiaclinica.pdf";https://www.facebook.com/reel/1026818840025676/;25585;4535;1151;181186;1515;12855;126;14;2;30;0
delaespriella_abelardo;Facebook;2026-06-13;21:28:36;DELAESPRIELLAstyle;¡La Tigremanía no descansa!: hasta los tigres decorativos se unen a la manada. 😅🐅;https://www.facebook.com/reel/992101153791864/;16354;985;1645;200820;1235;2979;107;44;4;8;0
delaespriella_abelardo;Facebook;2026-06-13;19:10:29;DELAESPRIELLAstyle;"Ver esa plaza llena de monterianos me reafirma que nacimos para cosas grandes. Porque esta causa ya no es la de un hombre; es la causa de Córdoba, del Caribe y de millones de colombianos que sueñan con un país de más oportunidades, más libertad y más esperanza.

Gracias, Montería, por tanto cariño. Siempre será un orgullo volver a casa.

Si gana el Tigre, gana Colombia.

Firme por la Patria. 🇨🇴🐅";https://www.facebook.com/reel/1528484502020243/;6129;688;802;28130;757;199;57;1;0;6;0
delaespriella_abelardo;Facebook;2026-06-13;17:16:07;DELAESPRIELLAstyle;;https://www.facebook.com/DELAESPRIELLAstyle/posts/pfbid0XRRWYwLbBT9oyiDRgLboWkGL9vVp9EnMPmnSVUDQAexrKpV6MpDi3Tgv8TPsqCbfl;149;28;11;0;25;9;3;0;0;0;0
delaespriella_abelardo;Facebook;2026-06-13;16:15:25;DELAESPRIELLAstyle;"Buga nos espera.

Este 14 de junio nos encontraremos para pedirle al Señor de los Milagros que acompañe el destino de Colombia y bendiga el camino hacia la Patria Milagro.

Los invito a llegar con su camiseta amarilla, con sus banderas y con toda su familia para vivir una jornada de fe, esperanza y amor por nuestra tierra.

📍 Calle 1 entre carreras 12 y 16
🗓️ 14 de junio
🕓 4:00 p.m.

Nos vemos en Buga.

Si gana el Tigre, gana Colombia.
Firme por la Patria. 🇨🇴🐅";https://www.facebook.com/DELAESPRIELLAstyle/posts/pfbid02niKNqaeB362e83hjqhScoT45Kdh2oGkvjPfyB7m67cQXbB637EWzQSxoDT6FP73Jl;1736;355;174;0;249;47;18;0;0;0;0
delaespriella_abelardo;Facebook;2026-06-13;09:15:54;DELAESPRIELLAstyle;"Gracias a los artistas colombianos Alex Manga, Oscar Gamarra, Panguito Maestre, Franco Argüelles, Laura Hamburguer y Jesús Romero, por sumarse a la manada del Tigre. 

Firme por la Patria. 🇨🇴🐅🎶";https://www.facebook.com/reel/1886428615365726/;46716;3042;8554;387681;5562;1982;431;21;4;11;0
delaespriella_abelardo;Facebook;2026-06-12;18:16:33;DELAESPRIELLAstyle;"No hay lugar en el mundo donde me sienta más en casa que Montería.

Cada vez que regreso a esta tierra recuerdo quién soy, de dónde vengo y por qué vale la pena darlo todo por Colombia. Aquí están mis raíces, mis afectos y la esencia de lo que soy. Antes que cualquier cosa, soy un monteriano orgulloso de su gente y de esta tierra que me lo ha dado todo.

Gracias, Montería, por tanto cariño. Estar con ustedes siempre será volver a casa.

Si gana el Tigre, gana Colombia.

Firme por la Patria. 🇨🇴🐅";https://www.facebook.com/DELAESPRIELLAstyle/posts/pfbid02peuvWXmpBsxjoVLEGG7rxkLeHDrFrBdRpa5qqU8EJKtxz44xByVZndU5WSiZryWhl;3778;299;227;0;590;81;44;0;0;0;0
delaespriella_abelardo;Facebook;2026-06-12;14:25:23;DELAESPRIELLAstyle;"¡Los invito al cierre de la campaña en la ciudad de Buga! Vamos todos a pedir en la Ciudad Milagro por nuestra Patria Milagro.

Ve con tu camiseta amarilla y con toda tu familia para encomendarle el triunfo al Señor de los Milagros.

Domingo 14 de junio:

• Misa de Sanación
📍Basílica del Señor de los Milagros de Buga
🕣 3:00 p.m.

• Gran Cierre de Campaña
📍Cll 1 entre Carreras 12 y 16
🕣 4:30 p.m.

Firme por la Patria.🫡🇨🇴🐅";https://www.facebook.com/reel/2234842700618342/;3194;349;268;16103;397;31;43;2;0;2;0
delaespriella_abelardo;Facebook;2026-06-12;12:38:13;DELAESPRIELLAstyle;"Qué alegría conversar con Nairo Quintana y Miguel Ángel Borja, dos colombianos que han llevado el nombre de nuestra Patria a lo más alto con disciplina, sacrificio y amor por Colombia. 🚲⚽️

Ellos representan lo mejor de nuestro país: talento, perseverancia y la convicción de que los sueños se alcanzan con trabajo duro.

En mi gobierno fortaleceremos el deporte con políticas claras, más oportunidades y nuevos escenarios desde los barrios y las regiones, para los deportistas de hoy y de mañana.

Gracias por su cariño, por su ejemplo y por creer en una Colombia grande, libre y llena de oportunidades para las nuevas generaciones.

Si gana el Tigre, gana Colombia.

Firme por la Patria. 🇨🇴";https://www.facebook.com/reel/880455667759998/;3557;355;320;16204;422;98;33;0;0;3;0
delaespriella_abelardo;Facebook;2026-06-12;12:19:50;DELAESPRIELLAstyle;"El verde de la esperanza hecho diseño. 🕶️

Una colección inspirada en la riqueza de Colombia que une alta óptica de precisión, joyería fina y carácter contemporáneo.

No hay dos esmeraldas iguales. No hay dos Tigres iguales.

Disponible en: https://delaespriellastyle.com/tigris-vision-col";https://www.facebook.com/DELAESPRIELLAstyle/posts/pfbid0G2xYGjeLYZksFpsoxfbbXer3k3gpkEddeKpjEPcSqtReAHKJSyETGAq9mszhZ19El;94;9;14;0;11;3;3;0;0;0;0
delaespriella_abelardo;Facebook;2026-06-12;11:23:26;DELAESPRIELLAstyle;"En Cartagena aún se escuchan los ecos de aquellos que lucharon por la libertad de Colombia.

Gracias a todos los Defensores de la Patria que respondieron el llamado y llenaron la plaza de un amarillo intenso que, como una ola frente al mar, avanza con fuerza y esperanza hacia la Patria Milagro.

Hoy la Heroica vuelve a demostrar que su espíritu sigue intacto: valiente, libre y decidida a construir un mejor destino para Colombia.

¡Gracias, Heroica!

Por ti sigo Firme por la Patria. 🇨🇴🐅";https://www.facebook.com/reel/1958996941495717/;1499;116;248;8994;148;24;25;0;0;0;0
delaespriella_abelardo;Facebook;2026-06-12;10:47:52;DELAESPRIELLAstyle;"¡La manada está llamada a rugir! 

Usa la camiseta de la tricolor, comparte los videos de nuestro movimiento, crea tus contenidos diciendo Firme por la Patria, escucha nuestros himnos, usa nuestros símbolos de campaña y tus redes sociales como un grito de libertad. 

Que Colombia y el mundo sepa que hoy mas que nunca estamos firmes por la patria. 🇨🇴🐅";https://www.facebook.com/reel/3485785134914017/;1224;138;188;5862;95;35;12;0;0;2;0
delaespriella_abelardo;Facebook;2026-06-12;07:02:59;DELAESPRIELLAstyle;"Felices 250 años Sahagún, te llevo en mi corazón. 

Firme por la Patria. 🇨🇴🐅";https://www.facebook.com/reel/1974256536547688/;2509;316;177;11435;272;48;33;2;0;4;0
delaespriella_abelardo;Facebook;2026-06-11;18:07:26;DELAESPRIELLAstyle;"La única manera de hacer política que conoce Iván Cepeda es mediante montajes judiciales.

Se acabaron tus 20 años de falsos positivos judiciales para politiquear. Tus viejos trucos quedarán enterrados por la voluntad del pueblo en las urnas: ¡bandido!

Firme por la Patria. 🫡🇨🇴🐅";https://www.facebook.com/reel/5324897454401207/;69360;13132;14080;420484;6742;4353;445;71;12;86;0
delaespriella_abelardo;Facebook;2026-06-11;17:58:52;DELAESPRIELLAstyle;"La diva de la televisión colombiana, Amparo Grisales, hace parte de la manada del Tigre. 

Firme por la Patria. 🫡🇨🇴🐅";https://www.facebook.com/reel/1635267047537859/;14073;721;1004;72049;1374;404;89;1;1;2;0
delaespriella_abelardo;Facebook;2026-06-11;10:11:41;DELAESPRIELLAstyle;"¡Cartagena es una declaración de carácter!

La Heroica no es solo historia; es valentía, dignidad, libertad y la prueba de que el Caribe está llamado a ser protagonista del destino de Colombia.

El Caribe no necesita excusas ni discursos. Necesita liderazgo, gerencia y resultados. Necesita oportunidades para sus jóvenes, seguridad para sus familias y un gobierno que entienda que esta tierra no es la periferia de Colombia, sino una de sus grandes locomotoras.

Sueño con una Patria Milagro donde el mérito vuelva a importar, donde los criminales le teman a la justicia y donde nuestros hijos puedan caminar libres y seguros.

Cartagena, el Caribe y toda Colombia merecen un futuro a la altura de su grandeza.

Si gana el Tigre, gana Colombia.

Firme por la Patria. 🇨🇴🐅";https://www.facebook.com/DELAESPRIELLAstyle/posts/pfbid034V4VmtfMDrmAw2etomFWh2X3mB9hFcV7yqQhQBuLBS6Ngbzm4gh8n84AezQGhgwwl;2320;211;173;0;344;63;32;0;0;2;0
delaespriella_abelardo;Facebook;2026-06-11;07:59:13;DELAESPRIELLAstyle;"En Caregato no vine a hacer un acto político. Vine a hacer un acto de justicia, para recordarles que no están solos y que, en la era del Tigre, tendrán todo mi respaldo.

Este es un lugar donde las familias han sufrido las consecuencias del abandono, donde las inundaciones siguen llegando mientras las soluciones nunca aparecen. El Estado tiene una deuda histórica que debe saldar.

La Mojana merece dignidad, inversión y obras reales. Por eso estoy aquí. Porque gobernar también es estar donde más se necesita y mirar a los ojos a quienes los de siempre olvidaron.

No puede haber una Patria Milagro mientras haya colombianos condenados a vivir entre el agua, el abandono y las promesas incumplidas.

Si gana el Tigre, gana Colombia.

Firme por la Patria. 🇨🇴🐅";https://www.facebook.com/reel/1543703064071513/;31839;2538;5757;228368;2937;545;269;7;5;11;0
delaespriella_abelardo;Facebook;2026-06-10;17:00:58;DELAESPRIELLAstyle;"El mejor equipo de la historia está listo para la batalla final 🫡 🇨🇴

Ponte la camiseta que llegó la hora de dejarlo todo en la cancha por Colombia, por la Patria, por LA LIBERTAD.

Este 21 de junio el partido es a todo o nada contra el régimen y su Patria Miseria, contra los de siempre y sus jefes Cepeda y Petro.

Vamos juntos por la copa, por el triunfo, por la Patria Milagro. 

Comparte, multiplica y publica. Ningún régimen silencia el rugido de los tigres. 

¡Firme por la Patria! 🐅";https://www.facebook.com/reel/2237785913632101/;13831;1654;3223;69250;1983;1643;181;9;6;11;0
delaespriella_abelardo;Facebook;2026-06-10;14:08:04;DELAESPRIELLAstyle;Montería de mi corazón, hoy nos vemos desde la plaza María Varilla, desde las 4:30 p.m. para rugir juntos Firme por la Patria. 🫡🇨🇴🐅;https://www.facebook.com/reel/1380933960514961/;33693;2582;1504;157999;3275;4984;268;7;2;30;0
delaespriella_abelardo;Facebook;2026-06-10;11:16:14;DELAESPRIELLAstyle;"La suspensión de Petro es un auto atentado legislativo. Lo he venido advirtiendo, Petro se quiere robar las elecciones.

¡No lo vamos a permitir! 

¡Firme por La Patria! 🫡";https://www.facebook.com/reel/2171293280380920/;44675;7640;12021;304100;3629;3255;296;109;25;98;0
delaespriella_abelardo;Facebook;2026-06-10;08:06:17;DELAESPRIELLAstyle;"¡Gracias Cartagena!

Ayer dimos un grito patriótico de libertad desde la ciudad amurallada.

Firme por la Patria. 🫡🇨🇴🐅";https://www.facebook.com/DELAESPRIELLAstyle/posts/pfbid02Pzv64oGr7nYEWDEB5YkFJF9GpR6AKa6WQCQgAojxsn5p8uiyhDyxT5EsXnY5Yafwl;912;88;35;0;161;37;10;0;0;0;0
delaespriella_abelardo;Facebook;2026-06-09;21:44:25;DELAESPRIELLAstyle;"¡Felicitaciones a la Selección Colombia Femenina! 🇨🇴⚽

Han demostrado talento, disciplina, carácter y amor por la camiseta. Hoy todo un país se siente orgulloso de ustedes.

En la era del Tigre tendrán todo mi respaldo, porque Colombia necesita creer más en sus deportistas y brindarles las oportunidades que merecen para seguir dejando en alto el nombre de nuestra nación.

¡Gracias por representarnos con grandeza y por inspirar a millones de niñas colombianas!

Firme por la Patria. 🫡

(A.D.L.E) 🇨🇴🐅";https://www.facebook.com/reel/2556956368056720/;85920;5210;8373;385045;9370;2445;741;21;2;38;0
delaespriella_abelardo;Facebook;2026-06-09;21:08:33;DELAESPRIELLAstyle;"Le ganamos al régimen, le ganamos a la soberbia, le ganamos al heredero y a quiero nes nos querían quitar los símbolos que nos unen como colombianos. 

Y en este segundo tiempo, vamos a seguir multiplicando apoyos para ganar el partido completo.

Firme por la Patria. 🇨🇴🐅";https://www.facebook.com/reel/3117378725122549/;4073;574;340;19281;471;170;39;0;0;3;0
delaespriella_abelardo;Facebook;2026-06-09;19:43:28;DELAESPRIELLAstyle;"Colombianos:

¿Están firmes por la Patria? 🇨🇴🐅

¿Son Defensores de la Patria?

Hoy necesito la ayuda de cada uno de ustedes.

Los de siempre creen que pueden silenciar una idea prohibiendo un nombre. Se equivocan. Porque este movimiento no pertenece a una organización ni a una campaña; le pertenece al Pueblo colombiano.

Por eso les pido que me ayuden a multiplicar este mensaje. Que cada celular se convierta en una tribuna de libertad. Que cada estado de WhatsApp, cada publicación, cada video y cada camiseta de Colombia sean una demostración de que nadie podrá detener el despertar de un pueblo decidido a recuperar su país.

Compartan nuestros mensajes, nuestro himno y nuestros símbolos. Sigan diciendo con orgullo: ¡Firme por la Patria!

Mientras damos la batalla jurídica contra este esperpento, ustedes tienen en sus manos la herramienta más poderosa de todas: la voz de millones de colombianos libres.

Que se escuche en cada rincón del país.

Que cada estado, cada publicación y cada mensaje sea un grito patriótico de libertad.

Porque este movimiento no se detiene.

¡Firme por la Patria! 🇨🇴";https://www.facebook.com/reel/987920497319757/;80205;18116;26446;536968;9538;2730;767;108;61;122;0
delaespriella_abelardo;Facebook;2026-06-09;15:38:47;DELAESPRIELLAstyle;"La manada del Tigre en Cartagena ya está reunida porque costeño vota costeño. 

Firme por la Patria. 🇨🇴🐅";https://www.facebook.com/reel/3116257628585142/;1966;179;201;12009;190;71;10;0;0;1;0
delaespriella_abelardo;Facebook;2026-06-09;13:44:32;DELAESPRIELLAstyle;"¡Hoy nos vemos Cartagena! 

Desde las 4:00 pm en la Plaza de la Aduana, para rugir juntos por la Patria Milagro. 

Firme por la Patria. 🇨🇴🐅";https://www.facebook.com/DELAESPRIELLAstyle/posts/pfbid02gWgspxfE5S5ibeSSACXNBQVEoKXDmKBeZFmrcZ4tqtCyQvUcvi7ngKuSkuoXPkrpl;3187;476;158;0;316;371;17;0;2;4;0
delaespriella_abelardo;Facebook;2026-06-09;12:38:41;DELAESPRIELLAstyle;"¡Lo dijé! Este año gana el Junior, gana el Tigre y gana la Patria.

¡Celébralo Colombia! 
Firme por la Patria. 🇨🇴🐅";https://www.facebook.com/reel/1728023278240382/;2458;182;159;17549;212;109;23;2;2;4;0
delaespriella_abelardo;Facebook;2026-06-09;09:47:00;DELAESPRIELLAstyle;"Mi fórmula para gobernar a Colombia no nace del amiguismo, es respuesta a la necesidad de ofrecerle al país un dúo serio que resolverá los problemas que hoy nos aquejan. 

Firme por la Patria. 🇨🇴🐅";https://www.facebook.com/reel/997758543114477/;3047;320;445;17950;262;122;24;0;0;4;0
delaespriella_abelardo;Facebook;2026-06-08;20:40:19;DELAESPRIELLAstyle;"Colombianos:

Hoy hablé sin filtros, de frente y con la verdad sobre la mesa.

Gracias a los más de 10 millones de ciudadanos que hicieron historia y demostraron que sí es posible derrotar a las maquinarias, a los partidos tradicionales y a los políticos de siempre.

Estamos cada vez más cerca de la Patria Milagro y precisamente por eso arrecian las mentiras, los ataques y las maniobras de quienes se niegan a aceptar la voluntad popular.

Quiero que tengan la certeza de que no voy a traicionar este mandato ciudadano. Mi única alianza es con Dios y con el Pueblo.

Defenderemos la democracia, cuidaremos este triunfo y seguiremos avanzando con firmeza, sin miedo y sin dar un solo paso atrás.

Nos vemos este domingo en Buga, en la Ciudad Milagro, para cerrar esta campaña como comenzó: con fe, esperanza y amor por Colombia.

Si gana el Tigre, gana Colombia.

Firme por la Patria. 🫡🇨🇴🐅";https://www.facebook.com/reel/1040103642015593/;64501;7921;6816;453846;7014;1230;496;17;8;40;0
delaespriella_abelardo;Facebook;2026-06-08;19:08:26;DELAESPRIELLAstyle;"¡Junior campeón! Gracias muchachos, por esta alegría que le dan a todos los hinchas fieles del equipo rojiblanco. 🇮🇩🦈

Y este 21 de junio El Tigre ganará también, en este partido decisivo por la Democracia del país.

Firme por la Patria. 🇨🇴🐅";https://www.facebook.com/reel/1477742663554189/;115173;11659;6724;905295;12238;34199;969;55;44;180;0
delaespriella_abelardo;Facebook;2026-06-08;14:03:21;DELAESPRIELLAstyle;"#EnVivo | Hoy, 8:00 P.M.

En mi canal de YouTube De La Espriella Style.

🚨 Anuncio importante para todos los colombianos.

El Tigre se dirige al país.

Firme por la Patria.🇨🇴🐅";https://www.facebook.com/DELAESPRIELLAstyle/posts/pfbid02VFcSf1LxRqjZNZU35PhEhmEf2Pvaj6phTsv3MQxnFeoxPRfvJUerRNLDDjB3WD1sl;22797;1820;2359;0;2062;167;136;3;1;11;0
delaespriella_abelardo;Facebook;2026-06-08;10:57:28;DELAESPRIELLAstyle;"Nuestro amor también se expresa a través de la música. 💕

Francesca y yo compartimos muchas cosas, pero una de las más especiales es nuestra pasión por la música. Sentarnos juntos frente a las teclas, tocar, aprender y disfrutar esos momentos sencillos son regalos que atesoro cada día. 🎹

Cada día estoy más enamorado de su alegría, de su nobleza y de esa manera tan hermosa que tiene de llenar de luz cada lugar al que llega. 👧💗";https://www.facebook.com/reel/1693893921951173/;44225;3411;3058;264311;6518;895;563;15;3;17;0
delaespriella_abelardo;Facebook;2026-06-08;07:15:33;DELAESPRIELLAstyle;"¡Si gana el Tigre, gana Colombia!

Este 21 de junio juega el segundo tiempo por la Patria Milagro, ponle la raya al Tigre.
Firme por la Patria. 🇨🇴🐅";https://www.facebook.com/DELAESPRIELLAstyle/posts/pfbid02GBarcHjGcUmxrvcCf2W3dBhKvCG8w5awY1RABvptWycZH4pixzeg9t4AyrcEYwQHl;6680;1239;736;0;664;281;55;0;1;9;0
delaespriella_abelardo;Facebook;2026-06-07;18:16:36;DELAESPRIELLAstyle;"Los niños también son parte de este movimiento popular. Su fervor es genuino, lleno de amor y sin pretensiones.

En cada rincón de Colombia me he encontrado con pequeños Defensores de la Patria que, con su alegría y entusiasmo, nos recuerdan por qué vale la pena dar esta batalla. Sus sonrisas, sus abrazos y su cariño son la mayor demostración de que la esperanza está más viva que nunca.

Por ellos, por su futuro y por la Patria que merecen, no vamos a detenernos. La Patria Milagro también se ve en sus ojos.

Si gana el Tigre, gana Colombia.

Firme por los niños y Firme por la Patria. 🇨🇴🐅";https://www.facebook.com/reel/1242742834452875/;18881;1025;2314;116605;2377;570;275;6;3;8;0
delaespriella_abelardo;Facebook;2026-06-07;11:27:37;DELAESPRIELLAstyle;"Preparándonos para la batalla.

Entrenar con mis hijos tiene un significado especial. Cada repetición, cada esfuerzo y cada momento compartido me recuerda por qué decidí dar esta lucha.

No estoy dando esta batalla por un cargo. La estoy dando por ellos, por nuestros hijos y por todos los colombianos que merecen heredar una nación libre, segura y próspera.

Porque al final, la política pasa, las campañas terminan, pero el país que les dejamos a nuestros hijos permanece.

Con disciplina, con carácter y con la bendición de Dios, estamos listos para lo que viene.

La Patria Milagro está cada vez más cerca.

Firme por la Patria. 🇨🇴🐅";https://www.facebook.com/reel/27224704590494175/;17503;1399;836;109767;2510;612;162;0;1;7;0
delaespriella_abelardo;Facebook;2026-06-06;19:24:18;DELAESPRIELLAstyle;"Mañana izaré la bandera por la memoria de Miguel Uribe, un mártir que luchó por la libertad, la democracia y la institucionalidad. 

Mi cariño para las familias víctimas de la violencia. 

Firme por la Patria. 🇨🇴🐅";https://www.facebook.com/reel/2077803272833650/;44440;4219;4473;207929;5031;2276;462;7;102;32;0
delaespriella_abelardo;Facebook;2026-06-06;18:39:28;DELAESPRIELLAstyle;"Agradezco profundamente el apoyo del presidente de Paraguay, @santipenapy, y del presidente de Honduras, Nasry Asfura @papialaorden.

Colombia necesita una diplomacia fuerte que una, construya puentes y estreche los lazos con países que históricamente han sido nuestros aliados. Debemos fortalecer la cooperación internacional para ampliar nuestras fronteras comerciales, atraer inversión, generar empleo y combatir el crimen organizado con toda la fuerza de la ley.

Gracias, queridos presidentes, por su respaldo y confianza. Trabajaremos juntos para consolidar una alianza firme en defensa de nuestros países, de la libertad, de la democracia y de toda Hispanoamérica.

El futuro de nuestra región se construye con unidad, cooperación y determinación.

¡Firme por la Patria! 🇨🇴🐅";https://www.facebook.com/reel/1282036134097204/;36233;3115;8765;239983;4326;981;323;16;4;25;0
delaespriella_abelardo;Facebook;2026-06-06;14:21:32;DELAESPRIELLAstyle;"¡La manada saca sus banderas por todo el país! Este fin de semana el Tigre ruge en todos lados. 

Firme por la Patria. 🇨🇴🐅";https://www.facebook.com/reel/874502521727301/;7844;911;524;58945;706;403;67;4;5;16;0
delaespriella_abelardo;Facebook;2026-06-06;12:18:04;DELAESPRIELLAstyle;"Keiko, como yo, se enfrenta en Perú a un candidato de izquierda radical y mañana vivirá una jornada decisiva para la democracia de la región.

Al pueblo peruano le envío un saludo fraternal, con el deseo de que elija bien por la salud de su República y por el futuro de toda Latinoamérica.

¡@KeikoFujimori será la próxima presidenta de su país!

Firme por Perú y firme por la Patria. 🇨🇴🐅";https://www.facebook.com/reel/1622576435513640/;92983;8399;13987;680169;8216;5907;684;45;15;149;0
delaespriella_abelardo;Facebook;2026-06-06;08:19:47;DELAESPRIELLAstyle;"Hace apenas un año, pocos imaginaban que este proyecto llegaría a donde está hoy (yo siempre supe que sería así). Hoy millones de colombianos han demostrado que cuando el pueblo decide, no hay maquinaria, partido tradicional ni cálculo político que pueda detenerlo.

Gracias a Dios por guiarme en cada paso de este camino y gracias a quienes creyeron desde el primer día en la Patria Milagro. Este camino apenas comienza y lo estamos recorriendo juntos, con determinación, firmeza y amor por Colombia.

Hoy hablan del fenómeno. Pero el verdadero fenómeno es Colombia: un pueblo valiente que despertó, que perdió el miedo y que decidió tomar en sus manos el destino de la Nación.

El rugido se convirtió en esperanza.

Firme por la Patria. 🇨🇴🐅";https://www.facebook.com/DELAESPRIELLAstyle/posts/pfbid012E5As9Eeu9gg4wTQKErTotg3RiAuWk7GxLGiTzXhcD4t4P6MWLVopMDt4Weu9ytl;4295;557;323;0;786;101;61;0;0;3;0
cepeda_ivan;TikTok;2026-06-18;00:03:49;ivancepedacast;Lo que está en juego es la vida. ❤️ 🫰¡Soy Iván Cepeda y seré tu presidente! 🫰 #ivancepedapresidente #laremontadacepeda #MeLaJuegoPorLaVida #elecciones2026 #parati ;https://www.tiktok.com/@ivancepedacast/video/7652519418328550676;38418;2104;6984;317321;0;0;0;0;0;0;1445
cepeda_ivan;TikTok;2026-06-20;23:15:09;ivancepedacast;👋Hola, ya estamos a pocas horas de ejercer nuestro voto. 🗳️ No se elige entre dos extremos, se elige la vida.  ¡Por la vida! ¡Siempre por la vida!🫰 #ivancepedapresidente #MeLaJuegoPorLaVida #tendencia #parati #elecciones2026 ;https://www.tiktok.com/@ivancepedacast/video/7653620123496107285;599880;19022;18762;2924458;0;0;0;0;0;0;19252
cepeda_ivan;TikTok;2026-06-20;21:26:26;ivancepedacast;🫰Varias iglesias y comunidades de fe se suman a mi candidatura presidencial y me llena de orgullo anunciarlo al país.  Los que nos la jugamos por la vida somos más . 🫰 #ivancepedapresidente #MeLaJuegoPorLaVida #parati #colombia🇨🇴 #ivancepeda ;https://www.tiktok.com/@ivancepedacast/video/7653592104152632596;56269;1337;3653;268350;0;0;0;0;0;0;1417
cepeda_ivan;TikTok;2026-06-20;20:05:41;ivancepedacast;👀¿Cuáles son las consecuencia tiene el fracking?   Aquí te los explico. 👇 Dile no al fracking, vota por la vida. 🫰 #fracking #colombia🇨🇴 #ivancepedapresidente #MeLaJuegoPorLaVida #parati ;https://www.tiktok.com/@ivancepedacast/video/7653571309317836053;201122;3773;5656;934277;0;0;0;0;0;0;7785
cepeda_ivan;TikTok;2026-06-20;12:07:49;ivancepedacast;👀¿Ya se vieron  el capítulo de Por la Ventana?   🏃Los leo en los comentarios. 😉 Me la juego por ustedes y me la juego por la vida.  🫰 #MeLaJuegoPorLaVida #ivancepedapresidente #colombia🇨🇴 #factos #parati ;https://www.tiktok.com/@ivancepedacast/video/7653448156453113109;119572;2401;1945;575613;0;0;0;0;0;0;2762
cepeda_ivan;TikTok;2026-06-20;02:02:18;ivancepedacast;Mucho flow para ser censurados 😎🫰  ¡Aquí nos la jugamos por la vida! 🫰  #tendencia #quelocura #MeLaJuegoPorLaVida #ivancepedapresidente #colombia🇨🇴 ;https://www.tiktok.com/@ivancepedacast/video/7653292118785494293;293653;3835;8688;1331133;0;0;0;0;0;0;8133
cepeda_ivan;TikTok;2026-06-20;00:51:13;ivancepedacast;La violencia le ha hecho mucho daño a los jóvenes y a este país. 🇨🇴   ¡La vida se debe respetar por encima de todo! 🫰  #MeLaJuegoPorLaVida #ivancepedapresidente #colombia🇨🇴 #parati #ivancepeda ;https://www.tiktok.com/@ivancepedacast/video/7653273795494530325;46428;728;940;259092;0;0;0;0;0;0;1430
cepeda_ivan;TikTok;2026-06-19;23:15:40;karensevillano7;2 preguntas a @ivancepedacast 🫰🏾❤️;https://www.tiktok.com/@karensevillano7/video/7653249178553814280;434960;13485;20930;1902735;0;0;0;0;0;0;16725
cepeda_ivan;TikTok;2026-06-19;22:22:37;ivancepedacast;🗳️Jóvenes de Colombia, con ustedes lograremos la victoria este 21 de junio. 🇨🇴 ¡Me la juego por los jóvenes, me la juego por la vida! 🫰 ##MeLaJuegoPorLaVida #ivancepedapresidente #colombia🇨🇴 #parati #ivancepeda ;https://www.tiktok.com/@ivancepedacast/video/7653235487683005716;87440;1893;677;372606;0;0;0;0;0;0;2580
cepeda_ivan;TikTok;2026-06-19;16:39:08;ivancepedacast;👉 Esta es mi respuesta a @Yef quien me ha hecho una invitación y la posibilidad de tener un diálogo.  #MeLaJuegoPorLaVida #ivancepedapresidente #yerfersoncossio #parati #tendencia ;https://www.tiktok.com/@ivancepedacast/video/7653146993786670356;404798;9022;14392;3199102;0;0;0;0;0;0;11530
cepeda_ivan;TikTok;2026-06-19;15:48:53;ivancepedacast;Gracias por sus mensajitos, yo también los amo mucho. Este sueño es de todas y todos. ❤️🫰 ¡Vamos por la vida! 🫰 #paratiiiiiiiiiiiiiiiiiiiiiiiiiiiiiii #cepedapresidente #MeLaJuegoPorLaVida ;https://www.tiktok.com/@ivancepedacast/video/7653134055403228423;50462;1342;451;245490;0;0;0;0;0;0;1230
cepeda_ivan;TikTok;2026-06-19;13:23:26;ivancepedacast;Son 30 años lucha por la verdad, la justicia social y la democracia de nuestro país. Es mucho lo que nos une @Claudia López, por eso nos la jugamos por la vida. 🫰 #MeLaJuegoPorLaVida #ivancepedapresidente #elecciones2026 #claudialopez #parati ;https://www.tiktok.com/@ivancepedacast/video/7653096560301083925;12036;252;112;100151;0;0;0;0;0;0;363
cepeda_ivan;TikTok;2026-06-19;02:36:49;ivancepedacast;Las mujeres de la clase trabajadora se la juegan por la vida🫰🏽 #ivancepedapresidente2026 #MeLaJuegoPorLaVida ;https://www.tiktok.com/@ivancepedacast/video/7652929934930824456;249674;7646;14329;1430944;0;0;0;0;0;0;7061
cepeda_ivan;TikTok;2026-06-19;00:25:23;ivancepedacast;🫰Por los derechos, por la paz y por la lucha contra la injusticia social.  ¡Vota por la vida! 🫰  #MeLaJuegoPorLaVida #ivancepedapresidente #elecciones2026 #parati #ivancepeda ;https://www.tiktok.com/@ivancepedacast/video/7652896053766868244;271517;6704;4756;1076342;0;0;0;0;0;0;6993
cepeda_ivan;TikTok;2026-06-18;20:39:44;ivancepedacast;🗳️Convence a una persona, si puedes, convence a más, juntos llegaremos a la victoria. 🫰 #MeLaJuegoPorLaVida #ivancepedapresidente #elecciones2026 #parati #ivancepeda ;https://www.tiktok.com/@ivancepedacast/video/7652837914103074068;491093;24027;13273;2407238;0;0;0;0;0;0;13350
cepeda_ivan;TikTok;2026-06-18;18:53:47;ivancepedacast;✊Llegó el tiempo de avanzar Colombia. 🇨🇴  ¡Vota decente!  ¡Vota Cepeda presidente! 🫰 #MeLaJuegoPorLaVida #ivancepedapresidente #elecciones2026 #ivancepeda #parati ;https://www.tiktok.com/@ivancepedacast/video/7652810612569050389;32206;627;603;166682;0;0;0;0;0;0;1060
cepeda_ivan;TikTok;2026-06-18;17:57:42;ivancepedacast;🗳️ Este 21 de junio los invito a ejercer su voto de manera libre y consciente.  Vota decente, vota por Aida Quilcué e Iván Cepeda. 🫰  #ivancepedapresidente #elecciones2026 #MeLaJuegoPorLaVida #parati #ivancepeda ;https://www.tiktok.com/@ivancepedacast/video/7652796160859688213;79652;2786;1566;366177;0;0;0;0;0;0;2314
cepeda_ivan;TikTok;2026-06-18;11:42:00;ivancepedacast;☺️ Les propongo un sueño para nuestra Colombia.  🇨🇴  Me la juego por la vida. 🫰  #ivancepedapresidente #MeLaJuegoPorLaVida #elecciones2026 #parati #ivancepeda ;https://www.tiktok.com/@ivancepedacast/video/7652699349171883285;25650;840;338;140370;0;0;0;0;0;0;822
cepeda_ivan;TikTok;2026-06-17;21:17:42;ivancepedacast;✊Sumamos fuerzas porque lo que está en juego este 21 de junio es la vida. Juégatela con nosotros.  ¡Soy Iván Cepeda y me juego por la vida! 🫰  #MeLaJuegoPorLaVida #ivancepedapresidente #ivancepeda #elecciones2026 #parati ;https://www.tiktok.com/@ivancepedacast/video/7652476615166790933;80559;1642;2203;348510;0;0;0;0;0;0;2712
cepeda_ivan;TikTok;2026-06-17;18:56:26;ivancepedacast;🗳️Votemos masivamente este 21 de junio contra el autoritarismo violento.  ✊   ¡Imparables por la vida, venceremos! 🫰 #MeLaJuegoPorLaVida #ivancepedapresidente #parati #elecciones2026 #ivancepeda ;https://www.tiktok.com/@ivancepedacast/video/7652440210759781652;329660;3864;8050;1799699;0;0;0;0;0;0;6266
cepeda_ivan;TikTok;2026-06-17;15:07:33;ivancepedacast;En nuestro gobierno implementaremos una Renta Básica para niñas, niños, adolescentes y jóvenes  en situación de discapacidad, asegurando su dignidad, autonomía y bienestar.🫰🏽🇨🇴 #MeLaJuegoPorLaVida  #ivancepedapresidente #ivancepeda #parati #elecciones2026 ;https://www.tiktok.com/@ivancepedacast/video/7652381222420729109;24569;822;548;149584;0;0;0;0;0;0;756
cepeda_ivan;TikTok;2026-06-17;11:51:02;ivancepedacast;👵🏽 A nuestros adultos mayores les debemos gratitud y reconocimiento. Por eso, nuestro compromiso es profundizar su dignidad y bienestar. 🫰 #ivancepedapresidente #parati #colombia🇨🇴 #elecciones2026 #MeLaJuegoPorLaVida ;https://www.tiktok.com/@ivancepedacast/video/7652330588497644820;130477;5432;2475;704781;0;0;0;0;0;0;3832
cepeda_ivan;TikTok;2026-06-17;00:47:56;ivancepedacast;👉🏾La juventud es prioridad en mi gobierno, trabajaremos por los derechos y la dignidad de los jóvenes de Colombia.  ¡Me la juego por la juventud, me la juego por la vida! 🫰 #ivancepedapresidente #parati #colombia🇨🇴 #elecciones2026 #MeLaJuegoPorLaVida ;https://www.tiktok.com/@ivancepedacast/video/7652159700913442068;40204;1274;811;200831;0;0;0;0;0;0;1248
cepeda_ivan;TikTok;2026-06-16;22:13:44;ivancepedacast;😎El verdadero +57 se la juega por la vida. 🫰🇨🇴  #ivancepedapresidente #parati #57 #colombia🇨🇴 #elecciones2026 ;https://www.tiktok.com/@ivancepedacast/video/7652119965545352455;484964;7267;21832;2186973;0;0;0;0;0;0;14781
cepeda_ivan;TikTok;2026-06-16;20:32:35;ivancepedacast;😎Vamos con toda a ganar este 21 de junio.  ¡Nos la jugamos por la vida! 🫰 #ivancepedapresidente #MeLaJuegoPorLaVida #parati #colombia🇨🇴 #elecciones2026 ;https://www.tiktok.com/@ivancepedacast/video/7652093877901380885;80990;3433;2810;575223;0;0;0;0;0;0;2127
cepeda_ivan;TikTok;2026-06-16;13:09:12;ivancepedacast;Llegamos a 1 millón.;https://www.tiktok.com/@ivancepedacast/video/7651979638876556564;70254;1964;3157;382367;0;0;0;0;0;0;957
cepeda_ivan;TikTok;2026-06-16;11:54:39;ivancepedacast;¡Triunfaremos! Nos guía la esperanza y la fuerza de la democracia. Orgulloso de la campaña honesta y decente que hemos hecho juntos y juntas. Este 21 de junio, #PorLaVida, ganaremos.🫰🏽🇨🇴 #paratiiiiiiiiiiiiiiiiiiiiiiiiiiiiiii #MeLaJuegoPorLaVida #cepedapresidente2026 ;https://www.tiktok.com/@ivancepedacast/video/7651960432281832711;430908;9541;8618;2280101;0;0;0;0;0;0;14845
cepeda_ivan;TikTok;2026-06-16;02:44:10;ivancepedacast;Nos expresamos con respeto y una profunda convicción democrática. La decencia triunfará este 21 de junio. #MeLaJuegoPorLaVida #paratiiiiiiiiiiiiiiiiiiiiiiiiiiiiiii #cepedapresidente2026 #cepedapresidente ;https://www.tiktok.com/@ivancepedacast/video/7651818570057256200;182391;3802;2286;884276;0;0;0;0;0;0;5426
cepeda_ivan;TikTok;2026-06-16;02:18:44;ivancepedacast;😎¡Póngame este temazo!🎶 Vota decente, vota por la vida, vote por Iván Cepeda.  ¡Me la juego por la vida!🫰 #ivancepedapresidente #MeLaJuegoPorLaVida #parati #colombia🇨🇴 #elecciones2026 ;https://www.tiktok.com/@ivancepedacast/video/7651811990750481685;82401;2023;4196;420254;0;0;0;0;0;0;2816
cepeda_ivan;TikTok;2026-06-16;00:32:23;ivancepedacast;🫰Me la juego por ustedes y seré su presidente. 😉❤️ #ivancepedapresidente #MeLaJuegoPorLaVida #parati #colombia🇨🇴 #foryou ;https://www.tiktok.com/@ivancepedacast/video/7651784578742471957;110463;3527;2410;598225;0;0;0;0;0;0;3043
cepeda_ivan;TikTok;2026-06-16;00:00:23;ivancepedacast;¡Atención, compatriotas en el exterior! 🇨🇴🌍 Ya pueden ejercer su derecho al voto. El periodo de votación está abierto desde hoy 15 de junio y hasta el próximo 21 de junio. 🫰🏽 #NosLaJugamosPorLaVida;https://www.tiktok.com/@ivancepedacast/video/7651776367075314951;38862;1590;820;177390;0;0;0;0;0;0;1073
cepeda_ivan;TikTok;2026-06-15;18:21:55;ivancepedacast;La salud de las y los colombianos no puede seguir esperando.🫰🏽 Vamos a crear un modelo que garantice el acceso digno a medicamentos y atención oportuna.🇨🇴 #paratiiiiiiiiiiiiiiiiiiiiiiiiiiiiiii #cepedapresidente2026 #cepeda ;https://www.tiktok.com/@ivancepedacast/video/7651689111484435719;135951;3390;3694;811489;0;0;0;0;0;0;4933
cepeda_ivan;TikTok;2026-06-15;15:59:26;ivancepedacast;En nuestro gobierno, haremos posible una minería compatible con la naturaleza y con el bienestar de las comunidades. #paratiiiiiiiiiiiiiiiiiiiiiiiiiiiiiii #cepedapresidente2026 #cepeda;https://www.tiktok.com/@ivancepedacast/video/7651652422779030791;98985;4760;1833;530929;0;0;0;0;0;0;3203
cepeda_ivan;TikTok;2026-06-15;15:45:52;ivancepedacast;😎 No entenderían la vibra. 🫰  ¡Me la juego por la vida! 🫰 🗳️¡Vota decente!  #ivancepedapresidente #MeLaJuegoPorLaVida #parati #factos #colombia🇨🇴 ;https://www.tiktok.com/@ivancepedacast/video/7651648923324681492;212200;3267;6437;1008785;0;0;0;0;0;0;7007
cepeda_ivan;TikTok;2026-06-15;14:22:41;ivancepedacast;Este 21 de junio, el voto es por la vida. 🗳️💛 Tu participación es vital para construir el país que soñamos. Vamos a votar con convicción y, sobre todo, a cuidar cada voto. #paratiiiiiiiiiiiiiiiiiiiiiiiiiiiiiii #colombia #ivanpresidente ;https://www.tiktok.com/@ivancepedacast/video/7651627482843598088;13293;348;409;89523;0;0;0;0;0;0;508
cepeda_ivan;TikTok;2026-06-15;13:42:08;ivancepedacast;💗Gracias a todos por su apoyo.  Los quiero mucho. ☺️🫰 #ivancepeda #ivancepedapresidente #heroe #MeLaJuegoPorLaVida #parati ;https://www.tiktok.com/@ivancepedacast/video/7651617041140665620;48794;2500;942;206736;0;0;0;0;0;0;1448
cepeda_ivan;TikTok;2026-06-15;03:49:16;ivancepedacast;En el nombre del padre, una entrevista que hice sobre mi padre hace un tiempo en la Revista Semana y hoy comparto con ustedes.  Envío un abrazo fraterno a todos los padre de Colombia. 🇨🇴🫰 #díadelpadre #ivancepedapresidente #colombia🇨🇴 #manuelcepeda #MeLaJuegoPorLaVida ;https://www.tiktok.com/@ivancepedacast/video/7651464248433921301;107668;1116;2085;574030;0;0;0;0;0;0;3632
cepeda_ivan;TikTok;2026-06-15;03:12:59;ivancepedacast;"Respuesta a @Cuauhtémoc Aguila   A quienes hoy abrazan a su padre y a quienes lo abrazan en la memoria; floreceremos para cambiarlo todo. 🇨🇴  ¡Los quiero mucho! 🫰 #díadelpadre #ivancepedapresidente #colombia🇨🇴 #parati #miloj ";https://www.tiktok.com/@ivancepedacast/video/7651454903050669332;20358;420;380;108788;0;0;0;0;0;0;668
cepeda_ivan;TikTok;2026-06-15;01:27:27;ivancepedacast;La oposición ha dicho muchas mentiras sobre mí y mi ejercicio como una persona que busca la Paz y la dignidad de los colombianos. 🫰 #ivancepedapresidente #colombia🇨🇴 #MeLaJuegoPorLaVida #parati #elecciones2026 ;https://www.tiktok.com/@ivancepedacast/video/7651427713990823189;78052;2147;4060;557637;0;0;0;0;0;0;4508
cepeda_ivan;TikTok;2026-06-14;20:35:39;ivancepedacast;Gracias, Barranquilla, por recibirnos con tanta majestuosidad! Hoy la ciudad demuestra que tiene esperanza y convicción. Barranquilla vota decente, Barranquilla vota por la vida.🫰🏽🇨🇴 #MeLaJuegoPorLaVida;https://www.tiktok.com/@ivancepedacast/video/7651352510447357191;19645;756;238;137848;0;0;0;0;0;0;675
cepeda_ivan;TikTok;2026-06-14;18:13:30;ivancepedacast;🗳️Hagamos de nuestro voto, uno decente. Uno que se la juegue por la vida y la dignidad de los colombianos. 🫰💚💛 #ivancepedapresidente #ivancepedapresidente2026🇨🇴 #colombia🇨🇴 #MeLaJuegoPorLaVida #parati ;https://www.tiktok.com/@ivancepedacast/video/7651315889136078100;62307;1205;753;405630;0;0;0;0;0;0;1420
cepeda_ivan;TikTok;2026-06-14;14:53:00;ivancepedacast;📲 les hago la invitación para se unan 𝗮 𝗺𝗶 𝗰𝗮𝗻𝗮𝗹 𝗱𝗲 𝗪𝗵𝗮𝘁𝘀𝗔𝗽𝗽 y reciban las últimas noticias de nuestra campaña directamente en su celular. 🟢 https://whatsapp.com/channel0029VajMlvP8fewk3AbQaz3J  #MeLaJuegoPorLaVida #ivancepedapresidente #ivancepedapresidente2026🇨🇴 #colombia🇨🇴 #parati   ;https://www.tiktok.com/@ivancepedacast/video/7651264219798719764;134504;4289;1963;672401;0;0;0;0;0;0;3871
cepeda_ivan;TikTok;2026-06-14;13:16:08;ivancepedacast;🫰🏽🇨🇴Hay mucho en juego. Por eso, este 21 de junio, ganamos por la vida, por nuestros derechos, por salarios dignos, por la tierra y por la libertad. #ElMejoPrograma;https://www.tiktok.com/@ivancepedacast/video/7651239268161015048;25360;663;926;130342;0;0;0;0;0;0;824
cepeda_ivan;TikTok;2026-06-13;23:19:35;ivancepedacast;En nuestro gobierno, nos comprometemos a construir un millón de viviendas para las familias de los estratos 1, 2, 3 y 4. Creemos que un techo digno  garantiza un futuro tranquilo y feliz para el pueblo colombiano.  Me la juego por la vida, me la juego por la vivienda. 🫰🏽🇨🇴;https://www.tiktok.com/@ivancepedacast/video/7651023651382381832;222520;8812;15532;1159864;0;0;0;0;0;0;8467
cepeda_ivan;TikTok;2026-06-13;23:04:39;ivancepedacast;La educación es la clave para transformar nuestro país. Mi compromiso es claro: mayor inversión en todos los niveles educativos, mejor infraestructura y más sedes universitarias en todo el territorio. ¡Vamos por una educación de calidad la juventud popular! #paratiiiiiiiiiiiiiiiiiiiiiiiiiiiiiii #cepeda #ivancepedapresidente ;https://www.tiktok.com/@ivancepedacast/video/7651019824511864082;103816;4913;2831;445907;0;0;0;0;0;0;3473
cepeda_ivan;TikTok;2026-06-13;22:12:58;ivancepedacast;Gracias Bogotá, gracias por votar decente, gracias por el cariño. 🫰🏽🇨🇴 #paratiiiiiiiiiiiiiiiiiiiiiiiiiiiiiii #cepeda #ivanpresidente2026 ;https://www.tiktok.com/@ivancepedacast/video/7651006492887239943;108936;2444;2361;487644;0;0;0;0;0;0;2913
cepeda_ivan;TikTok;2026-06-13;19:17:09;ivancepedacast;#PorLaVida;https://www.tiktok.com/@ivancepedacast/video/7650961172648299783;337645;5511;21206;2128834;0;0;0;0;0;0;6350
cepeda_ivan;TikTok;2026-06-13;17:11:32;ivancepedacast;𝙉𝙤 𝙙𝙞𝙖𝙡𝙤𝙜𝙖𝙧𝙚𝙢𝙤𝙨 𝙘𝙤𝙣 𝙦𝙪𝙞𝙚𝙣𝙚𝙨 𝙖𝙨𝙚𝙨𝙞𝙣𝙚𝙣 𝙡í𝙙𝙚𝙧𝙚𝙨 𝙨𝙤𝙘𝙞𝙖𝙡𝙚𝙨 𝙣𝙞 𝙘𝙤𝙣 𝙦𝙪𝙞𝙚𝙣𝙚𝙨 𝙣𝙤 𝙧𝙚𝙨𝙥𝙚𝙩𝙚𝙣 𝙡𝙖 𝙫𝙞𝙙𝙖 𝙙𝙚 𝙡𝙖𝙨 𝙘𝙤𝙢𝙪𝙣𝙞𝙙𝙖𝙙𝙚𝙨. Para nosotros, la protección de la vida es fundamental. Implementaremos una política de seguridad humana y mejores condiciones para nuestra fuerza pública. Me juego por la seguridad humana. 🫰🏽🇨🇴 #ColombiaSeguraConIván #paratiiiiiiiiiiiiiiiiiiiiiiiiiiiiiii #cepeda;https://www.tiktok.com/@ivancepedacast/video/7650928827438353671;17394;693;432;93956;0;0;0;0;0;0;609
cepeda_ivan;TikTok;2026-06-13;15:37:42;ivancepedacast;El gobierno actual logró sacar de la pobreza a millones de personas. En el segundo progresista vamos a seguir trabajando con la misma determinación para eliminar la pobreza y la desigualdad. #ElMejorProgramaDeGobierno #paratiiiiiiiiiiiiiiiiiiiiiiiiiiiiiii #cepedapresidente ;https://www.tiktok.com/@ivancepedacast/video/7650904657828564242;38164;1381;7458;176792;0;0;0;0;0;0;1361
cepeda_ivan;TikTok;2026-06-13;13:33:51;ivancepedacast;𝑳𝒐𝒔 𝒄𝒖𝒊𝒅𝒂𝒅𝒐𝒔 𝒔𝒐𝒔𝒕𝒊𝒆𝒏𝒆𝒏 𝒆𝒍 𝒎𝒖𝒏𝒅𝒐. 💜 Las mujeres cargan con la mayor parte de estas labores de forma invisible. En mi gobierno, vamos a reconocer, valorar y proteger el trabajo de cuidados. 🫰🏽🇨🇴 Es una deuda histórica que vamos a saldar. #ElMejorProgramaDeGobierno;https://www.tiktok.com/@ivancepedacast/video/7650872740894739730;83860;3658;2212;350967;0;0;0;0;0;0;2537
cepeda_ivan;TikTok;2026-06-13;02:13:40;ivancepedacast;📸Fotico hoy y fotico el 21 de junio. En familia y con los amigos, ¡todos y todas a votar! 🫰🏽;https://www.tiktok.com/@ivancepedacast/video/7650697439862738184;21739;1053;283;143502;0;0;0;0;0;0;656
cepeda_ivan;TikTok;2026-06-13;01:05:10;ivancepedacast;Nuestro gobierno prioriza la seguridad de los y las colombianas, así como el de nuestra fuerza pública.  ¡Me la juego por la seguridad! ¡Me la juego por la vida! 🫰  #colombia🇨🇴 #ivancepedapresidente #elecciones2026 #cepedapresidente #parati ;https://www.tiktok.com/@ivancepedacast/video/7650679803078544661;14617;631;429;84070;0;0;0;0;0;0;563
cepeda_ivan;TikTok;2026-06-12;21:36:15;ivancepedacast;😉🫰haz de tu voto decente y que te de tu puesto.  ¡Me la juego pro la vida!  #teentiendo #maluma #ivancepedapresidente #colombia🇨🇴 #cepedapresidente ;https://www.tiktok.com/@ivancepedacast/video/7650625937435790613;183445;3973;7785;1112522;0;0;0;0;0;0;3184
cepeda_ivan;TikTok;2026-06-12;20:04:16;ivancepedacast;Me la juego por ustedes, me la juego por la vida. ❤️‍🩹 ¡Sí se puede! ☺️🫰 #ivancepedapresidente ##colombia🇨🇴 #cepedapresidente #parati #dtmf ;https://www.tiktok.com/@ivancepedacast/video/7650602265778162965;23961;972;302;133274;0;0;0;0;0;0;716
cepeda_ivan;TikTok;2026-06-12;18:25:19;ivancepedacast;🇨🇴En Colombia quien impulsan la economía son los sectores populares y las microempresas. Por eso en mi gobierno haremos del crédito barato para impulsarlas.  ¡Me la juego por la economía! 🫰☺️  #ivancepedapresidente #cepedapresidente #colombia🇨🇴 #parati #trending ;https://www.tiktok.com/@ivancepedacast/video/7650576741160750356;70577;2707;1684;296517;0;0;0;0;0;0;2033
cepeda_ivan;TikTok;2026-06-12;03:57:09;ivancepedacast;⚽️ Chismesito futbolero.  ¡Me la juego por el fútbol!  ¡Me la juego por la vida! 🫰 #daidai #mundial2026 #ivancepedapresidente #parati #trending ;https://www.tiktok.com/@ivancepedacast/video/7650353045557005588;39175;1219;679;233454;0;0;0;0;0;0;1032
cepeda_ivan;TikTok;2026-06-11;23:03:19;ivancepedacast;Agradezco mucho sus palabras, como una persona que cree en la democracia, seré un presidente que gobernaré para todos los colombianos. 🇨🇴 ¡Me la juego por la vida! 🫰 #ivancepedapresidente #colombia🇨🇴 #cepedapresidente #parati #foryou ;https://www.tiktok.com/@ivancepedacast/video/7650277306069454101;92770;8416;1534;522906;0;0;0;0;0;0;2731
cepeda_ivan;TikTok;2026-06-11;19:24:30;ivancepedacast;He radicado una denuncia penal formal ante la Fiscalía y la Corte Penal Internacional contra De la Espriella. La justicia debe actuar ante crímenes de lesa humanidad.  ¡Me la juego por la vida!  #ivancepedapresidente #denunciapublica #derechoshumanos #ultimhora🚨 #colombia🇨🇴 ;https://www.tiktok.com/@ivancepedacast/video/7650220935219268884;95066;3080;13779;931052;0;0;0;0;0;0;3441
cepeda_ivan;TikTok;2026-06-11;02:06:36;ivancepedacast;"@delaespriella_style, no se esconda. Le extiendo una invitación pública a debatir los temas fundamentales del país como debe ser. @aida_quilcue y yo somos un equipo; hágalo usted con su fórmula vicepresidencial. No se esconda bajo la sombra de Juan Manuel. El país merece transparencia. #paratiiiiiiiiiiiiiiiiiiiiiiiiiiiiiii #PorLaVida #ConCepedaGanaColombia ";https://www.tiktok.com/@ivancepedacast/video/7649953475907865874;41474;1240;4455;316831;0;0;0;0;0;0;1079
cepeda_ivan;TikTok;2026-06-10;23:59:06;ivancepedacast;¿Qué no le metemos?  Algunos aún siguen en marzo… ¡Actualiza, ma actualiza!  Un mensaje del equipo de comunicaciones de nuestro próximo presidente.  ¡Nos la jugamos por Ivancho! 🫰  #ivancepeda #ivancepedapresidente #cepeda #foryoupage #colombia🇨🇴 ;https://www.tiktok.com/@ivancepedacast/video/7649920601536072980;123869;3282;6366;675543;0;0;0;0;0;0;2509
cepeda_ivan;TikTok;2026-06-10;21:33:46;ivancepedacast;❤️Yo quiero mucho a Bogotá. La quiero justa, que no haya pobreza y que no haya violencia.  ¡Me la juego por Bogotá! 🫰✨ #tendencia #bogotá #ivancepeda #ivancepedapresidente #foryoupage ;https://www.tiktok.com/@ivancepedacast/video/7649883137572457748;345920;9536;11544;2403535;0;0;0;0;0;0;12640
cepeda_ivan;TikTok;2026-06-10;20:10:35;ivancepedacast;Próximamente tu y yo seremos el segundo gobierno progresista de Colombia. 🇨🇴 😉 ¡Me la juego por la vida! 🫰 #tendencia #ivancepedapresidente #cepeda #elecciones2026 #parati ;https://www.tiktok.com/@ivancepedacast/video/7649861699406810389;400287;10639;19850;2630834;0;0;0;0;0;0;9561
cepeda_ivan;TikTok;2026-06-10;16:30:42;ivancepedacast;🚨Tenemos las máquinas funcionando las 24 horas. ✨ ¡Nos la jugamos por la vida! 🫰  #colombia🇨🇴 #ivancepedapresidente #parati #tendencia #ivancepeda ;https://www.tiktok.com/@ivancepedacast/video/7649805060825730324;126925;4511;2584;558642;0;0;0;0;0;0;3212
cepeda_ivan;TikTok;2026-06-09;19:52:50;ivancepedacast;Tenemos un reto: en una semana lleguemos a 1 millón de seguidores. ✨ ¡Me la juego por la vida! 😉🫰 #ivancepeda #colombia🇨🇴 #ivancepedapresidente #elecciones2026 #parati ;https://www.tiktok.com/@ivancepedacast/video/7649486063282425108;717750;33503;33080;3774326;0;0;0;0;0;0;18080
cepeda_ivan;TikTok;2026-06-09;13:10:09;ivancepedacast;🎬Detrás de cámaras: así fue mi día actuando para un comercial. ¡Se vienen cositas! 😉🫰  #trabajepapi #ivancepeda #ivancepedapresidente #parati #colombia🇨🇴 ;https://www.tiktok.com/@ivancepedacast/video/7649382295836658964;320180;13695;14956;1720104;0;0;0;0;0;0;9445
cepeda_ivan;TikTok;2026-06-09;02:34:54;ivancepedacast;Lo Juro. Un poema de Manuel Cepeda.;https://www.tiktok.com/@ivancepedacast/video/7649218586057198868;123030;1503;2657;633733;0;0;0;0;0;0;5934
cepeda_ivan;TikTok;2026-06-09;00:50:01;ivancepedacast;Siempre es un honor recibir el cariño de todos ustedes.  Nos la jugamos por la vida. 🫰 #ivancepeda #ivancepedapresidente #elecciones2026 #parati #colombia🇨🇴 ;https://www.tiktok.com/@ivancepedacast/video/7649191566078496021;165402;5148;1934;1095616;0;0;0;0;0;0;4702
cepeda_ivan;TikTok;2026-06-08;20:59:54;ivancepedacast;🩵 Quiero agradecerle a las Kpopers por su apoyo, por enseñarme sobre esta cultura del amor y que un kpoper no se rinden.🫰 Cada día más kpoper. 🫰☺️ #Kpop #shinee #ivancepedapresidente #cepeda #paratiiiiiiiiiiiiiiiiiiiiiiiiiiiiiii ;https://www.tiktok.com/@ivancepedacast/video/7649132240181431572;171866;3130;13271;897789;0;0;0;0;0;0;5518
cepeda_ivan;TikTok;2026-06-08;03:33:43;ivancepedacast;#PorLaVida, debemos unirnos como país. El pueblo colombiano quiere lo mejor para este territorio de gente buena y majestuosa biodiversidad. 🫰🏽  Vamos a ganar el segunda vuelta. #ConCepedaGanaColombia;https://www.tiktok.com/@ivancepedacast/video/7648862648855039250;23173;612;14168;173303;0;0;0;0;0;0;759
cepeda_ivan;TikTok;2026-06-08;01:43:15;ivancepedacast;Me llamo Iván Cepeda y les prometo que seré su presidente. 😉🫰 #ConCepedaGanaColombia #ivancepedapresidente #parati #colombia🇨🇴 #cepedapresidente ;https://www.tiktok.com/@ivancepedacast/video/7648834187994074388;104932;2084;6847;673736;0;0;0;0;0;0;2385
cepeda_ivan;TikTok;2026-06-07;18:45:47;ivancepedacast;#ConCepedaGanaColombia y junto a @antonellepetro180 apoyamos a nuestra sele. 🫰  #ivancepedapresidente #colombia🇨🇴 #parati #seleccioncolombia ;https://www.tiktok.com/@ivancepedacast/video/7648726610388028692;238115;4707;13015;2095020;0;0;0;0;0;0;6635
cepeda_ivan;TikTok;2026-06-07;16:03:47;ivancepedacast;"De la Espriella desprecia lo que somos, pero Colombia es hermosa, rica en cultura, gastronomía y llena de gente valiosa, alegre e inteligente. No nos definen sus palabras; nos define nuestra historia. 🇨🇴🫰🏽 #PorLaVida, por nuestras raíces y nuestra historia.  ¡Ganamos la segunda!  #ConCepedaGanaColombia";https://www.tiktok.com/@ivancepedacast/video/7648684860214627602;538442;12760;44784;4946991;0;0;0;0;0;0;31303
cepeda_ivan;TikTok;2026-06-07;02:32:55;ivancepedacast;Es hora de debatir, @delaespriella_style. Hagamos que @canalrcn @rtvcco y @caracoltv sean la casa de este debate para que todos las y los colombianos puedan verlo y elegir sobre programas políticos. #PorLaVida;https://www.tiktok.com/@ivancepedacast/video/7648475890959142162;72024;1733;5208;433435;0;0;0;0;0;0;2353
cepeda_ivan;TikTok;2026-06-06;22:08:20;ivancepedacast;El fracking atenta contra nuestra salud y el suministro de agua. Es hora de un modelo que proteja la vida, las fuentes hídricas y la naturaleza. #PorLaVida en todas sus formas ganaremos en segunda vuelta.🦚 #CepedaNoEsFracking;https://www.tiktok.com/@ivancepedacast/video/7648407724472012050;143510;2901;9524;1561846;0;0;0;0;0;0;6179
cepeda_ivan;TikTok;2026-06-06;21:51:05;ivancepedacast;#PorLaVida:  ✅ Revolución agraria. ✅ Educación pública de calidad. ✅ Agua potable como derecho universal. ✅ Vías para conectar al país. Nuestro proyecto es por dignidad para el pueblo.🫰🏽;https://www.tiktok.com/@ivancepedacast/video/7648403233861389575;149608;2352;9863;976630;0;0;0;0;0;0;6295
cepeda_ivan;TikTok;2026-06-06;13:51:54;ivancepedacast;❌🚨Tienen que usar mentiras y falsedades en mi contra para deslegitimar nuestra política por la vida y la dignidad. ¡No pasarán! ¡No pasarán! 💪 Soy Iván Cepeda y los que nos la jugamos por la vida somos más.  🫰 #ivancepedapresidente #melajuegoporlavida #colombia🇨🇴 #paratiiiiiiiiiiiiiiiiiiiiiiiiiiiiiii #elecciones2026 ;https://www.tiktok.com/@ivancepedacast/video/7648279802067127572;93153;2172;4821;540093;0;0;0;0;0;0;3729
cepeda_ivan;TikTok;2026-06-06;12:12:13;ivancepedacast;"Colombia, territorio de resistencia y biodiversidad; Colombia, tierra fértil de jóvenes valientes.  #PorLaVida ganamos en segunda vuelta. 🫰🏽 #arribayalaizquierda #cepeda #IvánPresidente ";https://www.tiktok.com/@ivancepedacast/video/7648254111049125128;63672;1093;3081;274600;0;0;0;0;0;0;1893
delaespriella_abelardo;TikTok;2026-06-20;21:30:00;delaespriella_style;Nosotros traemos un nuevo orden para el país, en el marco de la Constitución y la ley, para servirle a la gente que más lo necesita. Firme por la Patria. 🇨🇴🐅;https://www.tiktok.com/@delaespriella_style/video/7653238470600576276;3892;311;62;123735;0;0;0;0;0;0;144
delaespriella_abelardo;TikTok;2026-06-20;19:00:00;delaespriella_style;Verdad sobre el gobierno del Tigre sobre los subsidios:  Los subsidios son para la gente que los necesita, como nuestros abuelos, las madres ciudadoras, las madres cabeza de familia y las personas que están en situación de pobreza. Reorganizaré los subsidios y buscaré aumentarlos. Firme por la Patria. 🇨🇴🐅;https://www.tiktok.com/@delaespriella_style/video/7653233134263143700;2222;330;137;75246;0;0;0;0;0;0;100
delaespriella_abelardo;TikTok;2026-06-20;15:24:57;delaespriella_style;Los que hicieron este video son unos genios. ⚽🐅 Y además entendieron algo fundamental: el partido se juega hasta el pitazo final. No podemos bajar la guardia ni un solo minuto. Cada voto por el Tigre es un gol contra los de siempre. Por eso hay que salir temprano a votar, llevar a la familia, convencer a los amigos y seguir sumando más y más colombianos a esta gran manada. Este partido no lo vamos a ganar por un gol de diferencia. Lo vamos a ganar por goleada. ¡A dejarlo todo en la cancha! #AbelardoPresidente Firme por la Patria. 🇨🇴🐅;https://www.tiktok.com/@delaespriella_style/video/7653498970458557703;35407;1760;8439;338279;0;0;0;0;0;0;2074
delaespriella_abelardo;TikTok;2026-06-20;15:00:00;delaespriella_style;Con la ayuda de Dios y la fuerza pública, haré de Colombia un país seguro, próspero y con futuro en la Patria Milagro. Firme por la Patria. 🇨🇴🐅;https://www.tiktok.com/@delaespriella_style/video/7653231118774308117;2906;264;45;62129;0;0;0;0;0;0;98
delaespriella_abelardo;TikTok;2026-06-20;13:00:00;delaespriella_style;A los jóvenes de la primera línea les digo: no se dejen utilizar, mientras ustedes se exponen en las calles, los políticos que están detrás, hacen tratos por debajo de la mesa. En la era del Tigre, si actuan en el marco de la Constitución y la ley, les daré todas las oportunidades para que puedan materializar sus sueños.  Firme por la Patria. 🇨🇴🐅;https://www.tiktok.com/@delaespriella_style/video/7653227535165164820;1710;132;76;55015;0;0;0;0;0;0;70
delaespriella_abelardo;TikTok;2026-06-20;01:00:00;delaespriella_style;¡Jessi Uribe es parte de la manada del Tigre! Firme por la Patria. 🇨🇴🐅;https://www.tiktok.com/@delaespriella_style/video/7653217972550487316;30969;1152;1430;334490;0;0;0;0;0;0;1046
delaespriella_abelardo;TikTok;2026-06-20;00:27:00;delaespriella_style;Recibí la patadita de la buena suerte del legendario Jorge Barón. ¡Gracias por su apoyo, maestro! Firme por la Patria. 🇨🇴🐅;https://www.tiktok.com/@delaespriella_style/video/7653267530185788679;62012;2166;3784;588731;0;0;0;0;0;0;2095
delaespriella_abelardo;TikTok;2026-06-19;23:00:00;delaespriella_style;Haré una verdadera revolución en el deporte colombiano, dandole la importancia que se merece. Firme por la Patria. 🇨🇴🐅;https://www.tiktok.com/@delaespriella_style/video/7653239958290894101;10310;461;151;111733;0;0;0;0;0;0;335
delaespriella_abelardo;TikTok;2026-06-19;21:30:00;delaespriella_style;¡Gracias Colombia!  Este domingo 21 de junio todos haremos historia. Tu voto es importante para lograr el sueño llamado la Patria Milagro. Ponle la raya al Tigre ¡Estamos listos para unirnos! Firme por la Patria. 🇨🇴🐅;https://www.tiktok.com/@delaespriella_style/video/7653216893909732629;14284;448;271;147662;0;0;0;0;0;0;448
delaespriella_abelardo;TikTok;2026-06-19;19:24:53;delaespriella_style;¡Gracias por tu respaldo Borja!  Es ahora o nunca colombianos, a darla toda este 21 de junio. Vota por la Patria Milagro. Firme por la Patria. 🇨🇴🐅;https://www.tiktok.com/@delaespriella_style/video/7653189680120515848;145009;6800;14022;1369846;0;0;0;0;0;0;4568
delaespriella_abelardo;TikTok;2026-06-19;17:37:20;delaespriella_style;Esto se gana hasta que se gana. No podemos confiarnos ni un solo minuto. Hemos llegado muy lejos gracias al esfuerzo de millones de colombianos, pero el partido solo termina cuando el árbitro pita el final. Por eso les pido que este 21 de junio salgan a votar temprano, lleven a sus familias, inviten a sus amigos y sigan sumando más gente a esta gran manada. ¡Tenemos que pelear hasta el último voto! Llegó la hora de dejarlo todo en la cancha y demostrarle al país la fuerza de nuestro patriotismo. Si gana el Tigre, gana Colombia. Firme por la Patria. 🇨🇴🐅;https://www.tiktok.com/@delaespriella_style/video/7653161987509112082;146682;8338;6957;1716198;0;0;0;0;0;0;4595
delaespriella_abelardo;TikTok;2026-06-19;12:23:13;delaespriella_style;El vallenato también hace parte de esta gran manada. 🪗🐅 Gracias a @Panguito Maestre por su respaldo y por sumarse a quienes creen que Colombia merece una Patria Milagro. Firme por la Patria. 🇨🇴🐅 Si gana el Tigre, gana Colombia. 🇨🇴;https://www.tiktok.com/@delaespriella_style/video/7653081046921055496;7180;375;236;103083;0;0;0;0;0;0;265
delaespriella_abelardo;TikTok;2026-06-19;00:55:35;delaespriella_style;¡Esto no se gana hasta que se gana! Estamos enfrentándonos a una banda criminal y debemos salir masivamente a votar, para ganarles con suficiente diferencia de votos.  Firme por la Patria. 🇨🇴🐅;https://www.tiktok.com/@delaespriella_style/video/7652903822561398024;11450;282;348;181379;0;0;0;0;0;0;393
delaespriella_abelardo;TikTok;2026-06-18;23:29:42;delaespriella_style;Qué alegría compartir con grandes exponentes de la música popular colombiana. Gracias por su cariño, por su respaldo y por demostrar que esta causa une a colombianos de todos los rincones y de todos los sectores. Ustedes también hacen parte de esta gran manada que sueña con una Patria Milagro. En mi gobierno, los artistas volverán a ocupar el lugar que merecen. Trabajaremos para dignificar su labor, proteger sus derechos de autor, fortalecer la industria musical y crear más oportunidades para que el talento colombiano pueda vivir de su arte y conquistar escenarios en Colombia y en el mundo. Porque cuando la cultura prospera, prospera la Patria. Firme por la Patria. 🇨🇴🐅;https://www.tiktok.com/@delaespriella_style/video/7652881702246829319;239077;10361;57180;3189050;0;0;0;0;0;0;11710
delaespriella_abelardo;TikTok;2026-06-18;18:13:32;delaespriella_style;¡Viva la libertad, carajo! Agradezco profundamente el respaldo y las palabras de aliento del presidente de Argentina, Javier Milei. Estoy convencido de que un León en Argentina y un Tigre en Colombia pueden ayudar a construir una Latinoamérica más fuerte, más libre y con más oportunidades para todos. Firme por la Patria. 🇨🇴🐅🇦🇷🦁;https://www.tiktok.com/@delaespriella_style/video/7652800238574406919;25365;1193;1605;346085;0;0;0;0;0;0;1120
delaespriella_abelardo;TikTok;2026-06-18;15:06:21;delaespriella_style;Lo ocurrido demuestra una verdad que los colombianos no pueden ignorar: cuando los criminales dejan de servir a los intereses del poder, entonces sí aparecen las órdenes para combatirlos. Durante años nos vendieron una supuesta paz mientras los grupos armados crecían, se fortalecían y extendían su control sobre distintas regiones del país. Hoy vemos cómo esa relación se rompe y cómo termina convirtiéndose en una pelea entre bandidos. Colombia merece algo diferente. Merece un gobierno que no negocie con los criminales, que no los utilice y que los combata desde el primer día con toda la fuerza de la ley. Por eso la Patria Milagro es más necesaria que nunca. Porque llegó la hora de recuperar la autoridad, proteger a los ciudadanos y devolverle la tranquilidad a nuestra Nación. Este 21 de junio salgamos masivamente a votar. Si gana el Tigre, gana Colombia. 🇨🇴🐅 Firme por la Patria.;https://www.tiktok.com/@delaespriella_style/video/7652752006368529682;38513;946;1227;481579;0;0;0;0;0;0;1377
delaespriella_abelardo;TikTok;2026-06-18;02:43:51;delaespriella_style;Hemos venido al estadio Romelio Martínez a ver el gran partido que Colombia va a ganar. ¡Hoy gana la selección y el 21 gana Colombia con el Tigre!  Firme por la Patria 🇨🇴🐅;https://www.tiktok.com/@delaespriella_style/video/7652560661515373844;85354;3104;2092;869489;0;0;0;0;0;0;2231
delaespriella_abelardo;TikTok;2026-06-18;00:03:42;delaespriella_style;#ColombiaGanaConElTigre 🇨🇴⚽🐅 Lo he dado todo en esta campaña. Me he puesto la 10 por la Patria Milagro y he dejado el alma en cada ciudad, en cada pueblo y en cada rincón de Colombia. Pero este partido nunca lo he jugado solo. El verdadero equipo ha sido el pueblo colombiano. Ustedes, con su fervor, sus abrazos, sus palabras de aliento y su amor por la Patria, son quienes han hecho posible este movimiento que hoy recorre toda Colombia. Estamos en los minutos finales del partido más importante de nuestra historia. Y ahora nos toca salir a la cancha una vez más: con la camiseta puesta, el corazón lleno de esperanza y la convicción de que Colombia merece ganar. Este 21 de junio salgan a votar, pónganse la amarilla y demostremos juntos el patriotismo que sentimos por nuestra Nación. Si gana el Tigre, gana Colombia. Firme por la Patria. 🇨🇴🐅;https://www.tiktok.com/@delaespriella_style/video/7652519393284328725;2107;200;22;55962;0;0;0;0;0;0;79
delaespriella_abelardo;TikTok;2026-06-17;18:49:58;delaespriella_style;⚽🇨🇴 Nos estamos jugando el partido definitivo. Durante meses recorrimos la cancha más grande de todas: Colombia. Hoy llega el momento de la gran final. Cada colombiano que salga a votar será un jugador defendiendo la camiseta de la Patria. Y si salimos masivamente a las urnas, anotaremos el gol más importante de nuestra historia: el gol que derrotará a los de siempre y abrirá el camino hacia la Patria Milagro. 🥅🔥 Llegó la hora de jugar con el corazón, de dejarlo todo en la cancha y de ganar este partido por nuestras familias, por nuestros hijos y por Colombia. ⚽🐅 Si gana el Tigre, gana Colombia. 🇨🇴🏆🐅;https://www.tiktok.com/@delaespriella_style/video/7652438496853888274;7131;790;594;130026;0;0;0;0;0;0;308
delaespriella_abelardo;TikTok;2026-06-17;15:29:50;delaespriella_style;Lo que está ocurriendo es extremadamente grave. A pocos días de la elección definitiva para la Presidencia de Colombia, Gustavo Petro ordena a la Fuerza Pública cesar operaciones contra estructuras narcoterroristas y criminales, una decisión que genera enormes preocupaciones sobre la seguridad nacional y sobre el mensaje que se les envía a quienes, durante años, han sembrado violencia en nuestro país. Los colombianos no podemos normalizar que el Estado renuncie a perseguir a quienes amenazan la vida, la libertad y la tranquilidad de millones de ciudadanos. Este es un llamado a todos los Tigres y Tigresas de la Patria. No podemos quedarnos en casa. Debemos salir masivamente a votar para defender la democracia, las instituciones y el futuro de Colombia. La batalla final está cerca y el país necesita que cada ciudadano haga valer su derecho en las urnas. Este 21 de junio ponle la raya al Tigre. Si gana el Tigre, gana Colombia. Firme por la Patria. 🇨🇴🐅 #abelardodelaespriella #delaespriellapresidente #defensoresdelapatria #colombia ;https://www.tiktok.com/@delaespriella_style/video/7652386971796507925;58295;2168;2408;737170;0;0;0;0;0;0;2203
delaespriella_abelardo;TikTok;2026-06-16;23:25:45;delaespriella_style;Hace 11 meses emprendí un camino que me cambió la vida. Recorrí Colombia de punta a punta, conocí historias que me inspiraron, abracé a miles de compatriotas y confirmé que esta Patria está llena de gente buena que jamás ha dejado de creer. Cada sonrisa, cada palabra de aliento y cada abrazo los llevo guardados en el corazón. Por eso, quizás la parte más difícil de este momento es saber que esta etapa de la campaña llega a su fin. Porque más allá de la política, ha sido una oportunidad única para estrechar lazos de patriotismo, caminar junto a los Defensores de la Patria y reencontrarme con el alma de Colombia. Gracias por abrirme las puertas de sus ciudades, de sus pueblos y de sus hogares. Gracias por permitirme conocer, una vez más, la grandeza de nuestra gente. Pero esto no termina aquí. Lo mejor está por comenzar. Este 21 de junio vota por la Patria Milagro. Porque si gana el Tigre, gana Colombia. Firme por la Patria. 🇨🇴🐅 #abelardodelaespriella #delaespriellapresidente #defensoresdelapatria ;https://www.tiktok.com/@delaespriella_style/video/7652138516524092693;9793;802;283;155499;0;0;0;0;0;0;324
delaespriella_abelardo;TikTok;2026-06-16;17:41:04;delaespriella_style;Cerramos esta extraordinaria campaña en la Ciudad Señora de Colombia, a los pies del Señor de los Milagros de Buga. Aquí comprendí que esta causa ya no pertenece a un candidato ni a una campaña. Pertenece a millones de colombianos que decidieron ponerse de pie para defender la libertad, recuperar la esperanza y construir la Patria Milagro. Gracias Valle del Cauca. Gracias Buga. Gracias a cada colombiano que durante estos once meses caminó, luchó, creyó y nunca se rindió. La batalla política la tenemos en el bolsillo. Ahora corresponde ganar la batalla espiritual. Con la ayuda de Dios, el próximo 21 de junio celebraremos juntos la victoria de Colombia. Firme por la Patria. 🇨🇴🐅 #abelardodelaespriella #delaespriellapresidente #defensoresdelapatria ;https://www.tiktok.com/@delaespriella_style/video/7652049678678215957;9793;637;358;135665;0;0;0;0;0;0;363
delaespriella_abelardo;TikTok;2026-06-16;15:14:59;delaespriella_style;Mientras Cepeda hace lo que ha hecho durante toda su vida política: sustentar su carrera en denuncias falsas, señalamientos infundados y mentiras, yo sigo enfocado en trabajar por Colombia, como caballo cochero, rumbo a la Patria Milagro. Para que no pierda el tiempo conmigo, le sugiero que denuncie a todos los miembros del Gobierno y congresista del Pacto Histórico que se han robado el país. Colombia tendrá un presidente en buen estado físico, con la energía, la disciplina y la fortaleza necesarias para dar la batalla y enfrentar con determinación todo lo que viene. 🥊 Mientras unos viven de instrumentalizar la justicia para hacer montajes, yo trabajo por el futuro de la Nación. Firme por la Patria. 🇨🇴🐅;https://www.tiktok.com/@delaespriella_style/video/7652012058682133768;67155;3426;2779;663527;0;0;0;0;0;0;2097
delaespriella_abelardo;TikTok;2026-06-15;18:46:22;delaespriella_style;¡No podemos permitir que continué el deterioro nacional!  La era del Tigre será la de la reconstrucción nacional, de la seguridad, del desarrollo, del empleo, de las oportunidades y del respeto por la ley.  La era del orgullo de ser colombianos.  Firme por la Patria. 🇨🇴🐅;https://www.tiktok.com/@delaespriella_style/video/7651695362020855048;8534;665;276;146068;0;0;0;0;0;0;250
delaespriella_abelardo;TikTok;2026-06-15;16:12:41;delaespriella_style;No podía existir un lugar más apropiado para cerrar esta campaña que Buga, la tierra donde la fe se encuentra con la esperanza y la esperanza se convierte en destino. Regresé ante el Señor de los Milagros para agradecerle por estos once meses de lucha, por cada abrazo, cada oración y cada colombiano que creyó que sí era posible cambiar la historia. He recorrido la Patria de punta a punta y confirmé algo que nadie podrá negar: Colombia despertó. Colombia perdió el miedo. Colombia decidió recuperar su destino. Con humildad, con gratitud y con la confianza puesta en Dios, seguimos adelante hasta la victoria. Nos quedan menos de seis días para acudir a las urnas y defender lo que creemos: la libertad, la democracia y la institucionalidad. Vota este 21 de junio por el Tigre.  Que ruja Buga. Que ruja el Valle. Que ruja Colombia. Firme por la Patria. 🇨🇴🐅 #abelardodelaespriella #delaespriellapresidente #defensoresdelapatria ;https://www.tiktok.com/@delaespriella_style/video/7651655845503110420;11898;528;162;171548;0;0;0;0;0;0;278
delaespriella_abelardo;TikTok;2026-06-14;18:00:29;delaespriella_style;Hoy será el gran cierre de esta extraordinaria campaña en Buga. Los espero junto al Milagroso de Buga. Hoy termina la campaña y comienza la transformación de Colombia para siempre. La victoria de la Patria está cada vez más cerca. Hoy más que nunca, Firmes por la Patria. 🇨🇴🐅;https://www.tiktok.com/@delaespriella_style/video/7651312530379345172;50399;2591;800;489529;0;0;0;0;0;0;1461
delaespriella_abelardo;TikTok;2026-06-14;17:45:33;delaespriella_style;Gracias, Alex Campos, por tus palabras, tus oraciones y tu cariño. Recibo este saludo con humildad y con la convicción de que cuando Dios guía el camino, no hay obstáculo imposible de superar. Seguimos adelante con fe, esperanza y amor por Colombia. Los invito a ver el video completo en mi canal de YouTube: De La Espriella Style. Si gana el Tigre, gana Colombia. Firme por la Patria. 🇨🇴🐅;https://www.tiktok.com/@delaespriella_style/video/7651308678032788754;73694;4876;5047;621398;0;0;0;0;0;0;2460
delaespriella_abelardo;TikTok;2026-06-14;14:09:01;delaespriella_style;Hoy celebro uno de los regalos más hermosos que Dios me ha dado: Francesca. 💖 Hoy cumple 4 años la niña que llena mis días de alegría, ternura y amor. Mi pequeña traviesa, mi princesa hermosa, tiene el don de iluminar cada lugar al que llega. Cada día estoy más enamorado de su alegría, de su corazón noble y de esa capacidad única que tiene para contagiar felicidad a quienes la rodean. Verla crecer ha sido uno de los mayores privilegios y bendiciones que Dios me ha regalado. Nos cantamos porque nos amamos. Ella me canta con la dulzura que la caracteriza, y yo le canto con el corazón lleno de gratitud por el inmenso regalo que es en mi vida. Franci, deseo que nunca pierdas esa sonrisa que alegra mis días, que Dios te bendiga, te proteja y te permita cumplir cada uno de los sueños que guarda tu corazón. Gracias por hacerme tan feliz, por enseñarme a amar de una manera que jamás imaginé y por llenar mi vida de momentos inolvidables. Y qué bendición que su cumpleaños coincida con el Día del Padre, porque si algo tengo claro es que mis hijos siempre serán mi mejor regalo. Feliz cumpleaños, mi pequeña traviesa. Te amo con toda mi alma. ❤️;https://www.tiktok.com/@delaespriella_style/video/7651252885694549256;106217;4356;3505;919114;0;0;0;0;0;0;3004
delaespriella_abelardo;TikTok;2026-06-14;12:07:16;delaespriella_style;Conmigo, lo que se ve es lo que hay. En la campaña he mostrado mi vida entera al Pueblo colombiano. La vida de quien aspira a liderar a su Pueblo deja de ser privada y le pertenece a los ciudadanos. Aquí encuentran mi historia clínica: https://defensoresdelapatria.com/wp-content/uploads/2026/06/Historiaclinica.pdf #abelardodelaespriella #delaespriellapresidente #defensoresdelapatria #colombia ;https://www.tiktok.com/@delaespriella_style/video/7651221516822039829;27664;1329;634;273387;0;0;0;0;0;0;777
delaespriella_abelardo;TikTok;2026-06-14;00:15:14;delaespriella_style;"Ver esa plaza llena de monterianos me reafirma que nacimos para cosas grandes. Porque esta causa ya no es la de un hombre; es la causa de Córdoba, del Caribe y de millones de colombianos que sueñan con un país de más oportunidades, más libertad y más esperanza. Gracias, Montería, por tanto cariño. Siempre será un orgullo volver a casa. Si gana el Tigre, gana Colombia. Firme por la Patria. 🇨🇴🐅";https://www.tiktok.com/@delaespriella_style/video/7651037988712942866;7244;346;179;96997;0;0;0;0;0;0;221
delaespriella_abelardo;TikTok;2026-06-13;15:56:08;delaespriella_style;Verdad sobre el gobierno del Tigre en Educación:  • Volverán las becas totales para la educación superior, por mérito. • Fortalecimiento al Icetex. • Plataforma virtual de educación técnica para estudiar desde cualquier parte de Colombia. • Reorganización del sistema educativo. En la Patria Milagro no aceptaremos que la educación siga siendo una promesa rota de los de siempre para millones de colombianos. Conoce más en defensoresdelapatria.com  Firme por la Patria. 🇨🇴🐅;https://www.tiktok.com/@delaespriella_style/video/7650909408121179410;5166;328;269;106990;0;0;0;0;0;0;255
delaespriella_abelardo;TikTok;2026-06-12;23:19:12;delaespriella_style;No hay lugar en el mundo donde me sienta más en casa que Montería.;https://www.tiktok.com/@delaespriella_style/video/7650652484796501266;8237;401;99;125644;0;0;0;0;0;0;187
delaespriella_abelardo;TikTok;2026-06-12;19:35:04;delaespriella_style;¡Los invito al cierre de la campaña en la ciudad de Buga! Vamos todos a pedir en la Ciudad Milagro por nuestra Patria Milagro. Ve con tu camiseta amarilla y con toda tu familia para encomendarle el triunfo al Señor de los Milagros. Domingo 14 de junio: • Misa de Sanación 📍Basílica del Señor de los Milagros de Buga 🕣 3:00 p.m. • Gran Cierre de Campaña 📍Cll 1 entre Carreras 12 y 16 🕣 4:30 p.m. Firme por la Patria.🫡🇨🇴🐅;https://www.tiktok.com/@delaespriella_style/video/7650594712490970386;56694;2367;1898;590388;0;0;0;0;0;0;1658
delaespriella_abelardo;TikTok;2026-06-12;17:39:48;delaespriella_style;Qué alegría conversar con Nairo Quintana y Miguel Ángel Borja, dos colombianos que han llevado el nombre de nuestra Patria a lo más alto con disciplina, sacrificio y amor por Colombia. 🚲⚽️ Ellos representan lo mejor de nuestro país: talento, perseverancia y la convicción de que los sueños se alcanzan con trabajo duro. En mi gobierno fortaleceremos el deporte con políticas claras, más oportunidades y nuevos escenarios desde los barrios y las regiones, para los deportistas de hoy y de mañana. Gracias por su cariño, por su ejemplo y por creer en una Colombia grande, libre y llena de oportunidades para las nuevas generaciones. Si gana el Tigre, gana Colombia. Firme por la Patria. 🇨🇴;https://www.tiktok.com/@delaespriella_style/video/7650565016118185234;5032;302;144;78986;0;0;0;0;0;0;180
delaespriella_abelardo;TikTok;2026-06-12;15:35:10;delaespriella_style;En Cartagena aún se escuchan los ecos de aquellos que lucharon por la libertad de Colombia. Gracias a todos los Defensores de la Patria que respondieron el llamado y llenaron la plaza de un amarillo intenso que, como una ola frente al mar, avanza con fuerza y esperanza hacia la Patria Milagro. Hoy la Heroica vuelve a demostrar que su espíritu sigue intacto: valiente, libre y decidida a construir un mejor destino para Colombia. ¡Gracias, Heroica! Por ti sigo Firme por la Patria. 🇨🇴🐅;https://www.tiktok.com/@delaespriella_style/video/7650532926072999176;9914;222;210;107819;0;0;0;0;0;0;348
delaespriella_abelardo;TikTok;2026-06-12;11:58:08;delaespriella_style;Felices 250 años Sahagún, te llevo en mi corazón.  Firme por la Patria. 🫡 (A.D.L.E) 🇨🇴🐅;https://www.tiktok.com/@delaespriella_style/video/7650476983494954258;72225;3901;774;575701;0;0;0;0;0;0;1798
delaespriella_abelardo;TikTok;2026-06-11;23:43:55;delaespriella_style;La única manera de hacer política que conoce Iván Cepeda es mediante montajes judiciales. Se acabaron tus 20 años de falsos positivos judiciales para politiquear. Tus viejos trucos quedarán enterrados por la voluntad del pueblo en las urnas: ¡bandido! Firme por la Patria. 🇨🇴🐅;https://www.tiktok.com/@delaespriella_style/video/7650287761932455176;170672;6525;8501;2118567;0;0;0;0;0;0;6948
delaespriella_abelardo;TikTok;2026-06-11;23:00:31;delaespriella_style;La diva de la televisión colombiana, Amparo Grisales, hace parte de la manada del Tigre.  Firme por la Patria. 🫡🇨🇴🐅;https://www.tiktok.com/@delaespriella_style/video/7650276602030607623;22482;454;713;198680;0;0;0;0;0;0;584
delaespriella_abelardo;TikTok;2026-06-11;15:13:14;delaespriella_style;¡Cartagena es una declaración de carácter!;https://www.tiktok.com/@delaespriella_style/video/7650156184661462290;3285;330;20;75426;0;0;0;0;0;0;101
delaespriella_abelardo;TikTok;2026-06-11;13:13:12;delaespriella_style;En Caregato no vine a hacer un acto político. Vine a hacer un acto de justicia, para recordarles que no están solos y que, en la era del Tigre, tendrán todo mi respaldo. Este es un lugar donde las familias han sufrido las consecuencias del abandono, donde las inundaciones siguen llegando mientras las soluciones nunca aparecen. El Estado tiene una deuda histórica que debe saldar. La Mojana merece dignidad, inversión y obras reales. Por eso estoy aquí. Porque gobernar también es estar donde más se necesita y mirar a los ojos a quienes los de siempre olvidaron. No puede haber una Patria Milagro mientras haya colombianos condenados a vivir entre el agua, el abandono y las promesas incumplidas. Si gana el Tigre, gana Colombia. Firme por la Patria. 🇨🇴🐅;https://www.tiktok.com/@delaespriella_style/video/7650125257012956434;37100;1269;921;393790;0;0;0;0;0;0;1196
delaespriella_abelardo;TikTok;2026-06-10;22:03:50;delaespriella_style;El mejor equipo de la historia está listo para la batalla final 🫡 🇨🇴 Ponte la camiseta que llegó la hora de dejarlo todo en la cancha por Colombia, por la Patria, por LA LIBERTAD. Este 21 de junio el partido es a todo o nada contra el régimen y su Patria Miseria, contra los de siempre y sus jefes Cepeda y Petro. Vamos juntos por la copa, por el triunfo, por la Patria Milagro.  Comparte, multiplica y publica. Ningún régimen silencia el rugido de los tigres.  ¡Firme por la Patria! 🐅;https://www.tiktok.com/@delaespriella_style/video/7649890904433495314;114454;2763;9302;832726;0;0;0;0;0;0;3776
delaespriella_abelardo;TikTok;2026-06-10;19:03:44;delaespriella_style;Montería de mi corazón, hoy nos vemos desde la plaza María Varilla, para rugir juntos Firme por la Patria. 🇨🇴🐅;https://www.tiktok.com/@delaespriella_style/video/7649844500935789832;54553;2616;1140;598697;0;0;0;0;0;0;1611
delaespriella_abelardo;TikTok;2026-06-10;16:17:05;delaespriella_style;La suspensión de Petro es un auto atentado legislativo.  Lo he venido advirtiendo, Petro se quiere robar las elecciones. ¡No lo vamos a permitir!  ¡Firme por La Patria! 🫡🇨🇴🐅;https://www.tiktok.com/@delaespriella_style/video/7649801542421253383;130371;3593;6613;1217377;0;0;0;0;0;0;4736
delaespriella_abelardo;TikTok;2026-06-10;02:49:38;delaespriella_style;¡Felicitaciones a la Selección Colombia Femenina! 🇨🇴⚽ Han demostrado talento, disciplina, carácter y amor por la camiseta. Hoy todo un país se siente orgulloso de ustedes. En la era del Tigre tendrán todo mi respaldo, porque Colombia necesita creer más en sus deportistas y brindarles las oportunidades que merecen para seguir dejando en alto el nombre de nuestra nación. ¡Gracias por representarnos con grandeza y por inspirar a millones de niñas colombianas! Firme por la Patria. 🫡🇨🇴🐅;https://www.tiktok.com/@delaespriella_style/video/7649593451553525010;11314;868;248;155807;0;0;0;0;0;0;357
delaespriella_abelardo;TikTok;2026-06-10;00:50:56;delaespriella_style;Colombianos: ¿Están firmes por la Patria? 🇨🇴🐅 Hoy necesito de ustedes. Que cada celular, cada estado de WhatsApp, cada video y cada camiseta de Colombia se conviertan en un mensaje de libertad. Compartan nuestros símbolos, nuestro himno y nuestro mensaje. Que nadie pueda silenciar la voz de millones de colombianos que quieren una Patria distinta. Mientras damos la batalla jurídica, ustedes ayúdenme a que este movimiento siga creciendo en cada rincón del país. ¿Me ayudan? ¡Firmes por la Patria! 🇨🇴;https://www.tiktok.com/@delaespriella_style/video/7649562881788366088;143619;4137;10617;1200777;0;0;0;0;0;0;5254
delaespriella_abelardo;TikTok;2026-06-09;17:40:12;delaespriella_style;¡Lo dijé! Este año gana el Junior, gana el Tigre y gana la Patria. ¡Celébralo Colombia!  Firme por la Patria. 🇨🇴🐅;https://www.tiktok.com/@delaespriella_style/video/7649451876743662856;28911;656;1035;405829;0;0;0;0;0;0;807
delaespriella_abelardo;TikTok;2026-06-09;01:48:47;delaespriella_style;Colombianos: Hoy hablé sin filtros, de frente y con la verdad sobre la mesa. Gracias a los más de 10 millones de ciudadanos que hicieron historia y demostraron que sí es posible derrotar a las maquinarias, a los partidos tradicionales y a los políticos de siempre. Estamos cada vez más cerca de la Patria Milagro y precisamente por eso arrecian las mentiras, los ataques y las maniobras de quienes se niegan a aceptar la voluntad popular. Quiero que tengan la certeza de que no voy a traicionar este mandato ciudadano. Mi única alianza es con Dios y con el Pueblo. Defenderemos la democracia, cuidaremos este triunfo y seguiremos avanzando con firmeza, sin miedo y sin dar un solo paso atrás. Nos vemos este domingo en Buga, en la Ciudad Milagro, para cerrar esta campaña como comenzó: con fe, esperanza y amor por Colombia. Si gana el Tigre, gana Colombia. Firme por la Patria. 🇨🇴🐅;https://www.tiktok.com/@delaespriella_style/video/7649206702750878983;143047;6408;3446;1499377;0;0;0;0;0;0;4540
delaespriella_abelardo;TikTok;2026-06-08;15:59:13;delaespriella_style;Nuestro amor también se expresa a través de la música. 💕 Francesca y yo compartimos muchas cosas, pero una de las más especiales es nuestra pasión por la música. Sentarnos juntos frente a las teclas, tocar, aprender y disfrutar esos momentos sencillos son regalos que atesoro cada día. 🎹 Cada día estoy más enamorado de su alegría, de su nobleza y de esa manera tan hermosa que tiene de llenar de luz cada lugar al que llega. 👧💗;https://www.tiktok.com/@delaespriella_style/video/7649054757834771730;40819;2329;847;427358;0;0;0;0;0;0;1070
delaespriella_abelardo;TikTok;2026-06-07;23:22:36;delaespriella_style;Los niños también son parte de este movimiento popular. Su fervor es genuino, lleno de amor y sin pretensiones. En cada rincón de Colombia me he encontrado con pequeños Defensores de la Patria que, con su alegría y entusiasmo, nos recuerdan por qué vale la pena dar esta batalla. Sus sonrisas, sus abrazos y su cariño son la mayor demostración de que la esperanza está más viva que nunca. Por ellos, por su futuro y por la Patria que merecen, no vamos a detenernos. La Patria Milagro también se ve en sus ojos. Si gana el Tigre, gana Colombia. Firme por los niños y Firme por la Patria. 🇨🇴🐅;https://www.tiktok.com/@delaespriella_style/video/7648797937471982856;65847;1889;1696;538671;0;0;0;0;0;0;2104
delaespriella_abelardo;TikTok;2026-06-07;19:13:10;delaespriella_style;Preparándonos para la batalla. Entrenar con mis hijos tiene un significado especial. Cada repetición, cada esfuerzo y cada momento compartido me recuerda por qué decidí dar esta lucha. No estoy dando esta batalla por un cargo. La estoy dando por ellos, por nuestros hijos y por todos los colombianos que merecen heredar una nación libre, segura y próspera. Porque al final, la política pasa, las campañas terminan, pero el país que les dejamos a nuestros hijos permanece. Con disciplina, con carácter y con la bendición de Dios, estamos listos para lo que viene. La Patria Milagro está cada vez más cerca. Firme por la Patria. 🇨🇴🐅 ;https://www.tiktok.com/@delaespriella_style/video/7648733664133549320;26427;1613;675;337008;0;0;0;0;0;0;800
delaespriella_abelardo;TikTok;2026-06-07;15:05:56;delaespriella_style;Freaking si, pero cumpliendo las normas ambientales, con respeto por nuestra  naturaleza y ecosistemas.  Firme por la Patria. 🇨🇴🐅;https://www.tiktok.com/@delaespriella_style/video/7648669969265265928;8061;571;526;126444;0;0;0;0;0;0;461
delaespriella_abelardo;TikTok;2026-06-06;23:41:20;delaespriella_style;Agradezco profundamente el apoyo del presidente de Paraguay, Santiago Peña, y del presidente de Honduras, Nasry Asfura. Colombia necesita una diplomacia fuerte que una, construya puentes y estreche los lazos con países que históricamente han sido nuestros aliados. Debemos fortalecer la cooperación internacional para ampliar nuestras fronteras comerciales, atraer inversión, generar empleo y combatir el crimen organizado con toda la fuerza de la ley. Gracias, queridos presidentes, por su respaldo y confianza. Trabajaremos juntos para consolidar una alianza firme en defensa de nuestros países, de la libertad, de la democracia y de toda Hispanoamérica. El futuro de nuestra región se construye con unidad, cooperación y determinación. ¡Firme por la Patria! 🇨🇴🐅;https://www.tiktok.com/@delaespriella_style/video/7648431647607491848;35026;1407;1843;417411;0;0;0;0;0;0;1343
delaespriella_abelardo;TikTok;2026-06-06;17:21:17;delaespriella_style;Keiko, como yo, se enfrenta en Perú a un candidato de izquierda radical y mañana vivirá una jornada decisiva para la democracia de la región. Al pueblo peruano le envío un saludo fraternal, con el deseo de que elija bien por la salud de su República y por el futuro de toda Latinoamérica. ¡@Keiko Sofía será la próxima presidenta de su país! Firme por Perú y firme por la Patria. 🇨🇴🐅;https://www.tiktok.com/@delaespriella_style/video/7648333758482943240;191816;7679;11556;3026035;0;0;0;0;0;0;8587
delaespriella_abelardo;TikTok;2026-06-06;13:24:34;delaespriella_style;Hace apenas un año, pocos imaginaban que este proyecto llegaría a donde está hoy (yo siempre supe que sería así). Hoy millones de colombianos han demostrado que cuando el pueblo decide, no hay maquinaria, partido tradicional ni cálculo político que pueda detenerlo. Gracias a Dios por guiarme en cada paso de este camino y gracias a quienes creyeron desde el primer día en la Patria Milagro. Este camino apenas comienza y lo estamos recorriendo juntos, con determinación, firmeza y amor por Colombia. Hoy hablan del fenómeno. Pero el verdadero fenómeno es Colombia: un pueblo valiente que despertó, que perdió el miedo y que decidió tomar en sus manos el destino de la Nación. El rugido se convirtió en esperanza. Firme por la Patria. 🇨🇴🐅;https://www.tiktok.com/@delaespriella_style/video/7648272748795546900;10775;520;109;164507;0;0;0;0;0;0;249
cepeda_ivan;Twitter;2026-06-21;19:15:19;IvanCepedaCast;QUE NADIE SE QUEDE SIN VOTAR;https://x.com/IvanCepedaCast/status/2068774787288023122;25788;584;2525;256446;0;0;0;0;0;0;0
cepeda_ivan;Twitter;2026-06-20;23:37:54;IvanCepedaCast;MI INVITACIÓN PARA QUE MAÑANA DEFENDAMOS  LA VIDA;https://x.com/IvanCepedaCast/status/2068478479549473181;43233;1768;10634;695983;0;0;0;0;0;0;0
cepeda_ivan;Twitter;2026-06-20;23:01:19;IvanCepedaCast;NOS VEMOS A LAS 7:30 p.m.;https://x.com/IvanCepedaCast/status/2068469272142041096;10871;471;1931;343935;0;0;0;0;0;0;0
cepeda_ivan;Twitter;2026-06-20;21:20:07;IvanCepedaCast;Gracias, querida Sara. Aprecio tu respaldo. Un abrazo.;https://x.com/IvanCepedaCast/status/2068443806265995308;6892;126;1270;171145;0;0;0;0;0;0;0
cepeda_ivan;Twitter;2026-06-20;15:41:33;IvanCepedaCast;Apreciado  @RoyBarreras , gracias por tu respaldo. No olvido los años de trabajo por la paz, las víctimas y la democracia.;https://x.com/IvanCepedaCast/status/2068358599886221360;13876;717;3303;395332;0;0;0;0;0;0;0
cepeda_ivan;Twitter;2026-06-20;09:00:03;IvanCepedaCast;Agradezco y valoro su voto, apreciado Jorge. Un saludo.;https://x.com/IvanCepedaCast/status/2068257559383843046;7481;165;1531;120900;0;0;0;0;0;0;0
cepeda_ivan;Twitter;2026-06-20;00:41:58;IvanCepedaCast;SALUDO EL PACTO POR LA PAZ ELECTORAL SUSCRITO EN AGUACHICA, CESAR;https://x.com/IvanCepedaCast/status/2068132213460263358;6844;125;1104;100754;0;0;0;0;0;0;0
cepeda_ivan;Twitter;2026-06-19;18:58:54;IvanCepedaCast;Gracias, apreciada  @JenniferPedraz . Valoro tu respaldo y tu labor. Un abrazo.;https://x.com/IvanCepedaCast/status/2068045880104571305;13714;257;2379;170608;0;0;0;0;0;0;0
cepeda_ivan;Twitter;2026-06-19;15:44:23;IvanCepedaCast;LUEGO DEL HACKEO, MI VIDEO EN POR LA VENTANA YA ESTÁ DISPONIBLE DE NUEVO;https://x.com/IvanCepedaCast/status/2067996925266100708;31337;532;10360;870663;0;0;0;0;0;0;0
cepeda_ivan;Twitter;2026-06-19;12:16:16;IvanCepedaCast;SOBRE VINCULACIÓN FORMAL Y LLAMADO A INDAGATORIA DE URIBE  Bogotá D. C., 19 de junio de 2026.- En calidad de actor popular y apoderados en el proceso que la Fiscalía Tercera Delegada ante la Corte Suprema de Justicia adelanta en contra del expresidente de la República Álvaro;https://x.com/IvanCepedaCast/status/2067944551881310377;8959;1176;3261;248037;0;0;0;0;0;0;0
cepeda_ivan;Twitter;2026-06-19;11:15:17;IvanCepedaCast;SOBRE EL HACKEO CONTRA MI VIDEO EN POR LA VENTANA   Informo y condeno el hackeo de la cuenta @sancochotrifasico, desde la cual fue eliminado el video del podcast  @porlaventanap  en el que participé.   Este hecho no es aislado: hace parte de una estrategia sistemática de ataques;https://x.com/IvanCepedaCast/status/2067929203731746859;34204;699;7809;824398;0;0;0;0;0;0;0
cepeda_ivan;Twitter;2026-06-19;02:38:03;IvanCepedaCast;Estás son las acciones que demuestran que nuestro pueblo es invencible. Gracias, querido compañero y amigo Germán Navas.;https://x.com/IvanCepedaCast/status/2067799037927891186;19130;396;4972;192828;0;0;0;0;0;0;0
cepeda_ivan;Twitter;2026-06-19;02:32:28;IvanCepedaCast;Le agradezco, apreciado Jorge. Un abrazo.;https://x.com/IvanCepedaCast/status/2067797633494647267;7554;135;1778;71913;0;0;0;0;0;0;0
cepeda_ivan;Twitter;2026-06-18;19:11:35;IvanCepedaCast;HOY ESTARÉ EN POR LA VENTANA A LAS 8:00 pm;https://x.com/IvanCepedaCast/status/2067686680312598947;28939;598;5944;570201;0;0;0;0;0;0;0
cepeda_ivan;Twitter;2026-06-18;03:59:42;IvanCepedaCast;¡Golazo 3!;https://x.com/IvanCepedaCast/status/2067457199866011774;11994;496;1050;465025;0;0;0;0;0;0;0
cepeda_ivan;Twitter;2026-06-18;03:26:30;IvanCepedaCast;¡Golazo 2!;https://x.com/IvanCepedaCast/status/2067448844674048272;9406;313;800;113400;0;0;0;0;0;0;0
cepeda_ivan;Twitter;2026-06-18;02:54:29;IvanCepedaCast;Muchas gracias, apreciado Iván. Un abrazo.;https://x.com/IvanCepedaCast/status/2067440786963107993;6790;112;1105;92246;0;0;0;0;0;0;0
cepeda_ivan;Twitter;2026-06-18;02:42:11;IvanCepedaCast;¡Golazo!;https://x.com/IvanCepedaCast/status/2067437690186871035;23770;938;2295;257542;0;0;0;0;0;0;0
cepeda_ivan;Twitter;2026-06-17;21:12:23;IvanCepedaCast;HOY A LAS 6:00 pm;https://x.com/IvanCepedaCast/status/2067354696277270702;3491;139;707;47302;0;0;0;0;0;0;0
cepeda_ivan;Twitter;2026-06-17;21:10:37;IvanCepedaCast;HOY A LAS 6:00 pm:;https://x.com/IvanCepedaCast/status/2067354250418471266;4882;123;1092;56198;0;0;0;0;0;0;0
cepeda_ivan;Twitter;2026-06-17;18:39:57;IvanCepedaCast;ME COMPLACE EL RESPALDO POLÍTICO DE CLAUDIA Y EL MOVIMIENTO IMPARABLES;https://x.com/IvanCepedaCast/status/2067316334422069709;28989;474;4353;211563;0;0;0;0;0;0;0
cepeda_ivan;Twitter;2026-06-17;16:38:55;IvanCepedaCast;EN VIVO: IVÁN CEPEDA CASTRO HACE UN ANUNCIO IMPORTANTE;https://x.com/IvanCepedaCast/status/2067285876577570962;2322;236;730;74505;0;0;0;0;0;0;0
cepeda_ivan;Twitter;2026-06-17;14:46:38;IvanCepedaCast;LO QUE ESTÁ EN PELIGRO ES LA DEMOCRACIA Y LA SOBERANÍA   Con serenidad y firmeza, llamo a todas las personas y fuerzas políticas y sociales  a defender en las urnas la Democracia y la soberanía nacional.   De la Espriella ha demostrado que no respeta los más elementales;https://x.com/IvanCepedaCast/status/2067257618523947158;17123;2279;6112;184167;0;0;0;0;0;0;0
cepeda_ivan;Twitter;2026-06-17;04:14:13;IvanCepedaCast;Condeno este nuevo atentado contra el concejal del  @PactoCol  en Candelaria, Valle.   Llamo a las autoridades a proteger la vida de nuestros integrantes y dirigentes en todo el país, así como a que investiguen este hecho.;https://x.com/IvanCepedaCast/status/2067098463184069081;4991;129;2076;62671;0;0;0;0;0;0;0
cepeda_ivan;Twitter;2026-06-17;04:07:32;IvanCepedaCast;BETO CORAL  Expreso mi rechazo absoluto al arresto del creador de contenido en redes sociales,  @Betocoralg .   La Primera Enmienda de la Constitución de EEUU consagra la libertad de expresión. Si la razón de esta captura es la actividad política de Beto Coral se trata de una grave;https://x.com/IvanCepedaCast/status/2067096784724197888;19381;2584;6813;870849;0;0;0;0;0;0;0
cepeda_ivan;Twitter;2026-06-16;21:03:31;IvanCepedaCast;COMUNICADO  Iván Cepeda avanza en un acuerdo con personalidades del centro político, económico y social  Bogotá, D. C. 16 de junio de 2026.- El candidato presidencial del Pacto Histórico y la Alianza por la Vida, Iván Cepeda Castro, consolidó el respaldo de empresarios,;https://x.com/IvanCepedaCast/status/2066990077218025740;13253;945;3679;236899;0;0;0;0;0;0;0
cepeda_ivan;Twitter;2026-06-16;13:28:27;IvanCepedaCast;“Preguntario” para el domingo. Gloria Arias;https://x.com/IvanCepedaCast/status/2066875556327575574;1072;107;347;24527;0;0;0;0;0;0;0
cepeda_ivan;Twitter;2026-06-16;12:17:15;IvanCepedaCast;F*cksNews x Iván Cepeda: Firmes Por La Plata   https:// youtu.be/rXM6zntBDlU?si =gmAkhJeF94Yct7MH … vía  @YouTube;https://x.com/IvanCepedaCast/status/2066857634456555602;18879;201;3146;138402;0;0;0;0;0;0;0
cepeda_ivan;Twitter;2026-06-15;11:19:13;IvanCepedaCast;¡GRACIAS, SOLEDAD , ATLÁNTICO!;https://x.com/IvanCepedaCast/status/2066480641940549735;12947;332;2263;84471;0;0;0;0;0;0;0
cepeda_ivan;Twitter;2026-06-14;22:40:57;IvanCepedaCast;F*cksNews x Iván Cepeda: Firmes Por La Plata  https:// youtu.be/rXM6zntBDlU?si =YIA01k8LYIi5wEtO … vía  @YouTube;https://x.com/IvanCepedaCast/status/2066289820184224197;15871;358;4594;314128;0;0;0;0;0;0;0
cepeda_ivan;Twitter;2026-06-14;21:35:42;IvanCepedaCast;DESDE SOLEDAD, ATLÁNTICO, HOY PRONUNCIARÉ LA PROCLAMA POR EL PUEBLO COLOMBIANO   Un homenaje a la fuerza de la gente y un llamado de esperanza en nuestro futuro:   https:// youtube.com/live/QAN5X_LVs 5A?feature=share …;https://x.com/IvanCepedaCast/status/2066273399249211417;3182;221;846;64386;0;0;0;0;0;0;0
cepeda_ivan;Twitter;2026-06-14;20:34:16;IvanCepedaCast;DESDE SOLEDAD, ATLÁNTICO, HOY PRONUNCIARÉ LA PROCLAMA POR EL PUEBLO COLOMBIANO  Un homenaje a la fuerza de la gente y un llamado de esperanza en nuestro futuro:;https://x.com/IvanCepedaCast/status/2066257938503606644;3184;225;870;33176;0;0;0;0;0;0;0
cepeda_ivan;Twitter;2026-06-14;16:55:54;IvanCepedaCast;INTENCIÓN DE VOTO ENCUESTA CELAG  Presentada hoy.   Ficha técnica e intención de voto:;https://x.com/IvanCepedaCast/status/2066202985525330059;12803;3778;2784;593376;0;0;0;0;0;0;0
cepeda_ivan;Twitter;2026-06-14;10:59:07;IvanCepedaCast;Hoy estaré en Soledad, Atlántico:   Iván Cepeda cierra campaña presidencial en Bogotá ante miles de personas  https:// youtu.be/Nof06qCu-qQ?si =Mq9IYlcDPW-gn0f1 … vía  @YouTube;https://x.com/IvanCepedaCast/status/2066113196591616011;2165;236;640;51766;0;0;0;0;0;0;0
cepeda_ivan;Twitter;2026-06-14;00:41:18;IvanCepedaCast;EN FUCKS NEWS;https://x.com/IvanCepedaCast/status/2065957718553215148;32756;444;6706;895716;0;0;0;0;0;0;0
cepeda_ivan;Twitter;2026-06-13;20:46:03;IvanCepedaCast;¡GRACIAS, BOGOTÁ!;https://x.com/IvanCepedaCast/status/2065898518108164187;22248;340;3589;258419;0;0;0;0;0;0;0
cepeda_ivan;Twitter;2026-06-13;16:57:53;IvanCepedaCast;COMUNICADO  Iván Cepeda cerró su campaña en Bucaramanga con multitudinario carnaval en defensa de la vida, el agua y la naturaleza  - Cepeda Castro es el único candidato que ha recibido el respaldo público del Comité para la Defensa del Agua y el Páramo de Santurbán en sus 17;https://x.com/IvanCepedaCast/status/2065841098069516482;11300;984;3286;132170;0;0;0;0;0;0;0
cepeda_ivan;Twitter;2026-06-13;00:13:50;IvanCepedaCast;MAÑANA ESTARÉ EN BOGOTÁ;https://x.com/IvanCepedaCast/status/2065588420882157794;3861;284;929;44372;0;0;0;0;0;0;0
cepeda_ivan;Twitter;2026-06-12;22:35:08;IvanCepedaCast;EN BREVE, MI INTERVENCIÓN DESDE BUCARAMANGA    https:// youtube.com/live/KxyQKjUHs Bo?feature=share …;https://x.com/IvanCepedaCast/status/2065563579391123581;2162;140;566;27671;0;0;0;0;0;0;0
cepeda_ivan;Twitter;2026-06-12;22:31:38;IvanCepedaCast;ESTOY EN BUCARAMANGA EN LA DEFENSA DE SANTURBÁN Y EL AGUA;https://x.com/IvanCepedaCast/status/2065562697484144649;16478;758;4032;126144;0;0;0;0;0;0;0
cepeda_ivan;Twitter;2026-06-12;15:16:39;IvanCepedaCast;Gracias, querido César. Abrazo.;https://x.com/IvanCepedaCast/status/2065453231409348899;6485;178;1969;77488;0;0;0;0;0;0;0
cepeda_ivan;Twitter;2026-06-12;15:11:58;IvanCepedaCast;HOY ESTARÉ EN BUCARAMANGA;https://x.com/IvanCepedaCast/status/2065452052386328949;9061;524;1841;151926;0;0;0;0;0;0;0
cepeda_ivan;Twitter;2026-06-12;15:11:12;IvanCepedaCast;COMUNICADO  Iván Cepeda recibe la adhesión del Movimiento MAIS a la Alianza por la Vida y señala que “no es momento de vacilaciones”  Bogotá, 11 de junio de 2026.- El candidato presidencial Iván Cepeda Castro oficializó la adhesión del Movimiento Alternativo Indígena y Social;https://x.com/IvanCepedaCast/status/2065451859481854236;10244;844;2953;150489;0;0;0;0;0;0;0
cepeda_ivan;Twitter;2026-06-11;20:46:49;IvanCepedaCast;NO HACEMOS NINGUNA CLASE DE OFRECIMIENTOS  Deseo reiterar la posición oficial de mi campaña: a las ciudadanas y a los ciudadanos no se le fórmula ninguna clase de ofrecimientos a cambio de su voto.   Hago un llamado a todos los dirigentes e integrantes de nuestros comités;https://x.com/IvanCepedaCast/status/2065173934463443206;13092;1467;3544;381282;0;0;0;0;0;0;0
cepeda_ivan;Twitter;2026-06-11;17:03:40;IvanCepedaCast;COMUNICADO  Iván Cepeda presenta denuncia penal ante la Fiscalía y la CPI contra Abelardo de la Espriella  - La denuncia contiene nuevas pruebas de presuntos vínculos del hoy candidato presidencial con la organización narcoparamilitar AUC.  Bogotá, 11 de junio de 2026.- El;https://x.com/IvanCepedaCast/status/2065117776487010661;20220;4612;7515;488520;0;0;0;0;0;0;0
cepeda_ivan;Twitter;2026-06-11;14:03:32;IvanCepedaCast;RUEDA DE PRENSA   En breve, intervendré en  rueda de prensa que hemos convocado para hacer importante anuncio:;https://x.com/IvanCepedaCast/status/2065072444986056941;4390;763;1433;287744;0;0;0;0;0;0;0
cepeda_ivan;Twitter;2026-06-11;04:12:45;IvanCepedaCast;COMUNICADO  Iván Cepeda recibe multitudinario apoyo en Medellín: “Gracias por su valentía y su dignidad”  Medellín, 10 de junio de 2026.- El candidato presidencial del Pacto Histórico y la Alianza por la Vida, Iván Cepeda Castro, fue recibido en Carabobo Norte por miles de;https://x.com/IvanCepedaCast/status/2064923768896565667;12708;1117;3196;157929;0;0;0;0;0;0;0
cepeda_ivan;Twitter;2026-06-11;02:10:59;IvanCepedaCast;Hoy en Medellín:   EL 21 DE JUNIO VAMOS A GANAR POR LA VIDA;https://x.com/IvanCepedaCast/status/2064893124858560969;2929;225;885;68537;0;0;0;0;0;0;0
cepeda_ivan;Twitter;2026-06-10;22:57:31;IvanCepedaCast;¡GRACIAS, MEDELLÍN!;https://x.com/IvanCepedaCast/status/2064844438904426740;21412;361;3327;161793;0;0;0;0;0;0;0
cepeda_ivan;Twitter;2026-06-10;16:49:26;IvanCepedaCast;HOY ESTARÉ EN MEDELLÍN;https://x.com/IvanCepedaCast/status/2064751807415349666;12268;579;1734;121555;0;0;0;0;0;0;0
cepeda_ivan;Twitter;2026-06-10;12:46:13;IvanCepedaCast;FANÁTICO SEGUIDOR DE DE LA ESPRIELLA  ES INTERPELADO POR LA POLICÍA  Desde hace meses viene intentando agredirme, pero ayer fue interpelado por la Policía:;https://x.com/IvanCepedaCast/status/2064690599265976389;26217;2689;5802;878300;0;0;0;0;0;0;0
cepeda_ivan;Twitter;2026-06-09;23:39:51;IvanCepedaCast;ESTAFADOR DE ESTAFADORES   ¿Habrá algún cliente de De la Espriella que no lo haya denunciado por estafarlo?   Él acostumbra a estafar estafadores. Ahora dice que se traslada a la Costa Caribe para “denunciar” la compra de votos. ¿Denunciar o ejecutar la compra?  Quién se dice;https://x.com/IvanCepedaCast/status/2064492704579412362;19744;2575;6188;269161;0;0;0;0;0;0;0
cepeda_ivan;Twitter;2026-06-09;20:44:46;IvanCepedaCast;AGRESIVO E IRASCIBLE  Sujetos como De la Espriella, son predecibles.   Cuando se les dice la verdad con serenidad y firmeza, reaccionan agresivos e irascibles. Utilizan un lenguaje vulgar, ofenden, intentan hacer daño verbal y, probablemente, físico. No razonan, ponen al;https://x.com/IvanCepedaCast/status/2064448642858053707;28766;2988;7858;1160741;0;0;0;0;0;0;0
cepeda_ivan;Twitter;2026-06-09;16:32:38;IvanCepedaCast;DE LA ESPRIELLA: NO SE ESCONDA DETRÁS DE SU FÓRMULA VICEPRESIDENCIAL  En todas las democracias del mundo, y así ha ocurrido históricamente en Colombia, los debates presidenciales son entre quienes aspiran a ejercer la Presidencia de la República. Son encuentros cara a cara entre;https://x.com/IvanCepedaCast/status/2064385191108382767;37790;5611;10241;1121742;0;0;0;0;0;0;0
cepeda_ivan;Twitter;2026-06-09;13:39:40;IvanCepedaCast;Iván, un mandato por la vida  Gloria Arias;https://x.com/IvanCepedaCast/status/2064341662982086948;3945;415;955;57518;0;0;0;0;0;0;0
cepeda_ivan;Twitter;2026-06-09;11:36:52;IvanCepedaCast;Muchas gracias, querido Lucho. Valoro y aprecio tu apoyo. Marcaste el comienzo de los gobiernos progresistas en el país y en Bogotá. Reconozco el aporte que has hecho a los derechos laborales y a la búsqueda del bienestar de las y los trabajadores. También a las políticas;https://x.com/IvanCepedaCast/status/2064310756590395588;14432;454;3107;231196;0;0;0;0;0;0;0
cepeda_ivan;Twitter;2026-06-09;05:10:03;IvanCepedaCast;DE LA ESPRIELLA PROPONE ECHAR GASOLINA AL INCENDIO  Sabemos por los pronósticos climáticos que, este año, el fenómeno de El Niño alcanzará una intensidad especialmente fuerte.   Sabemos que el fracking es un método de explotación que agota las reservas de agua, acaba los suelos;https://x.com/IvanCepedaCast/status/2064213414528926020;18635;961;4945;247318;0;0;0;0;0;0;0
cepeda_ivan;Twitter;2026-06-09;00:03:08;IvanCepedaCast;Gracias, querido Vladimir. Valoro y aprecio mucho tu respaldo. Un abrazo.;https://x.com/IvanCepedaCast/status/2064136175124640097;8337;261;2174;113371;0;0;0;0;0;0;0
cepeda_ivan;Twitter;2026-06-08;23:26:04;IvanCepedaCast;La fuerza de la vida. Iván Cepeda Castro. Parte IV  https:// youtu.be/MZcfVHdYh90?si =dZ5hVc2OqMSmJz_- … vía  @YouTube;https://x.com/IvanCepedaCast/status/2064126846313095364;2239;120;815;72663;0;0;0;0;0;0;0
cepeda_ivan;Twitter;2026-06-08;22:28:46;IvanCepedaCast;Gracias, querido Gonzalo. Valoro mucho tu respaldo. Me honra. Un abrazo.;https://x.com/IvanCepedaCast/status/2064112424878301362;14513;265;3978;151130;0;0;0;0;0;0;0
cepeda_ivan;Twitter;2026-06-08;15:11:34;IvanCepedaCast;COMUNICADO Bogotá D. C., 8 de junio de 2026.    Me permito informar a la opinión pública que pondré en conocimiento de las autoridades competentes información que he recibido en las últimas horas relacionada con la contienda electoral.   Por distintas vías, se me ha hecho saber;https://x.com/IvanCepedaCast/status/2064002401212703225;32883;4061;10467;1823071;0;0;0;0;0;0;0
cepeda_ivan;Twitter;2026-06-08;00:40:58;IvanCepedaCast;COMUNICADO  Bogotá D. C., 7 de junio de 2026.  Desde el comienzo de la campaña electoral, he respetado estrictamente las reglas democráticas y la transparencia con la que se debe informar a la opinión pública del cumplimiento de las mismas.  En mi condición de candidato;https://x.com/IvanCepedaCast/status/2063783308433977551;32464;3409;5785;2252624;0;0;0;0;0;0;0
cepeda_ivan;Twitter;2026-06-07;22:16:39;IvanCepedaCast;Si no te gusta Colombia, nuestra gente, nuestra cultura y nuestra comida:  ¿POR QUÉ NO TE VAS DEL PAÍS?   https:// youtu.be/cPqFbBOFx_A?si =jQUOcLT9Txm4azRz … vía  @YouTube;https://x.com/IvanCepedaCast/status/2063746989116793289;15522;4007;5131;2835244;0;0;0;0;0;0;0
cepeda_ivan;Twitter;2026-06-07;20:23:16;IvanCepedaCast;#MeLaJuegoPorLaVida:;https://x.com/IvanCepedaCast/status/2063718453681250467;32294;1407;6063;738613;0;0;0;0;0;0;0
cepeda_ivan;Twitter;2026-06-07;17:49:06;IvanCepedaCast;Acabo de desbloquear.;https://x.com/IvanCepedaCast/status/2063679657044500781;7348;897;625;484151;0;0;0;0;0;0;0
cepeda_ivan;Twitter;2026-06-07;14:59:43;IvanCepedaCast;MI MENSAJE AL CENTRO POLÍTICO   Estoy listo a dialogar, como lo he venido haciendo, con sectores del centro político a los cuales respeto y reconozco. Comprendo las críticas, en muchos casos justas, a lo que hemos hecho en estos cuatro años.   Nuestra tarea es, de manera;https://x.com/IvanCepedaCast/status/2063637033134768189;31900;2761;8686;2722887;0;0;0;0;0;0;0
cepeda_ivan;Twitter;2026-06-07;13:29:06;IvanCepedaCast;COMUNICADO  Iván Cepeda advierte el peligro para la democracia que representa Abelardo de la Espriella: quiere eliminar 133 instituciones que benefician a la gente  Cali, 6 de junio de 2026.- El candidato presidencial del Pacto Histórico y la Alianza por la Vida, Iván Cepeda;https://x.com/IvanCepedaCast/status/2063614225855938828;13452;1251;5540;202609;0;0;0;0;0;0;0
cepeda_ivan;Twitter;2026-06-07;12:11:48;IvanCepedaCast;Mi opción frente a una elección divisiva y decisiva  Rodrigo Uprimny;https://x.com/IvanCepedaCast/status/2063594771919085652;2940;159;1078;53262;0;0;0;0;0;0;0
cepeda_ivan;Twitter;2026-06-07;02:21:02;IvanCepedaCast;Acabo de poner en conocimiento de la autoridad competente este hecho para que se proceda contra ese peligroso individuo.;https://x.com/IvanCepedaCast/status/2063446100866945492;12802;525;4606;163539;0;0;0;0;0;0;0
cepeda_ivan;Twitter;2026-06-07;02:09:36;IvanCepedaCast;¡GRACIAS, CALI!;https://x.com/IvanCepedaCast/status/2063443225986158600;14750;265;2530;100037;0;0;0;0;0;0;0
cepeda_ivan;Twitter;2026-06-07;00:08:30;IvanCepedaCast;Llegó la hora  Cristina Nicholls Ocampo;https://x.com/IvanCepedaCast/status/2063412749615661217;1900;122;602;43743;0;0;0;0;0;0;0
cepeda_ivan;Twitter;2026-06-06;23:33:48;IvanCepedaCast;Una decisión importante,   @fgutierrezsanin;https://x.com/IvanCepedaCast/status/2063404018521526465;948;85;331;25852;0;0;0;0;0;0;0
cepeda_ivan;Twitter;2026-06-06;20:19:52;IvanCepedaCast;COMUNICADO  Iván Cepeda invita a RCN, Caracol y RTVC a organizar el debate presidencial y denuncia presunta compra de votos de la campaña de Abelardo de la Espriella  Cali, 6 de junio de 2026.- El candidato presidencial del Pacto Histórico y la Alianza por la Vida, Iván Cepeda;https://x.com/IvanCepedaCast/status/2063355212060889413;11895;1065;3350;585284;0;0;0;0;0;0;0
cepeda_ivan;Twitter;2026-06-06;19:01:44;IvanCepedaCast;Gracias, apreciado Miguel Ángel. Estoy seguro que harás una rigurosa y excelente labor para contrarrestar cualquier eventual acto de corrupción electoral. Un abrazo.;https://x.com/IvanCepedaCast/status/2063335550766010614;8055;304;2169;114928;0;0;0;0;0;0;0
cepeda_ivan;Twitter;2026-06-06;17:39:43;IvanCepedaCast;HOY ESTOY EN CALI:;https://x.com/IvanCepedaCast/status/2063314908234600855;6813;300;1347;65804;0;0;0;0;0;0;0
cepeda_ivan;Twitter;2026-06-06;14:27:27;IvanCepedaCast;𝐂𝐎𝐌𝐔𝐍𝐈𝐂𝐀𝐃𝐎 Iván Cepeda propuso en Ibagué concertar la transición energética y denunció campaña de manipulación en redes sociales usando inteligencia artificial  “Podemos pactar la transición energética dándole participación al pueblo y dialogando con las grandes;https://x.com/IvanCepedaCast/status/2063266525000212969;6208;498;1993;91443;0;0;0;0;0;0;0
cepeda_ivan;Twitter;2026-06-06;12:11:12;IvanCepedaCast;EL DESESPERADO  Uribe, el único desesperado es usted. A su hermano, el jefe criminal de Los 12 apóstoles, autor de masacres y torturas contra los campesinos de Yarumal, lo condenaron a 28 años.  ¿En esos crímenes fue cómplice de su hermano?  Y como si fuera poco, usted y su;https://x.com/IvanCepedaCast/status/2063232233188528404;20348;1125;5931;300566;0;0;0;0;0;0;0
cepeda_ivan;Twitter;2026-06-06;01:46:46;IvanCepedaCast;¡GRACIAS, MARCHA CARNAVAL DE IBAGUÉ!  Por el agua y la Vida:;https://x.com/IvanCepedaCast/status/2063075091525587083;10891;212;1981;78512;0;0;0;0;0;0;0
delaespriella_abelardo;Twitter;2026-06-21;23:55:18;ABDELAESPRIELLA;¡Gracias, Colombia!  Casi 13 millones de colombianos depositaron su confianza en José Manuel Restrepo, en el Tigre y en este gran sueño llamado Patria Milagro.  Este respaldo histórico nos llena de gratitud, pero también de una enorme responsabilidad. Hoy comienza una nueva etapa;https://x.com/ABDELAESPRIELLA/status/2068845244297134264;7611;366;2156;178999;0;0;0;0;0;0;0
delaespriella_abelardo;Twitter;2026-06-21;23:51:23;ABDELAESPRIELLA;¡Gracias, Colombia!  Casi 13 millones de colombianos depositaron su confianza en José Manuel Restrepo, en el Tigre y en este gran sueño llamado Patria Milagro.  Este respaldo histórico nos llena de gratitud, pero también de una enorme responsabilidad. Hoy comienza una nueva etapa;https://x.com/ABDELAESPRIELLA/status/2068844259919253590;14243;476;3789;272941;0;0;0;0;0;0;0
delaespriella_abelardo;Twitter;2026-06-21;23:36:55;ABDELAESPRIELLA;¡Gracias Colombia!   (A.D.L.E);https://x.com/ABDELAESPRIELLA/status/2068840618638340394;15331;467;3609;595881;0;0;0;0;0;0;0
delaespriella_abelardo;Twitter;2026-06-21;21:13:04;ABDELAESPRIELLA;Quiero ser recordado como el reconstructor de la Patria, porque Colombia se merece ser lo que esta llamada a ser: una Patria Milagro.  ¡Firme por la Patria!  (A.D.L.E);https://x.com/ABDELAESPRIELLA/status/2068804419940909235;12530;621;2735;1016654;0;0;0;0;0;0;0
delaespriella_abelardo;Twitter;2026-06-21;19:58:29;ABDELAESPRIELLA;Al Chocó les digo: ¡el Tigre los va a reivindicar!.  Salgan a votar por la Patria Milagro.  Firme por la Patria.  (A.D.L.E)  #AbelardoPresidente;https://x.com/ABDELAESPRIELLA/status/2068785650816413732;6988;182;1464;336028;0;0;0;0;0;0;0
delaespriella_abelardo;Twitter;2026-06-21;18:57:51;ABDELAESPRIELLA;CUMBRIMIENTO DE JORNADA ELECTORAL Y SEGUIMIENTO DE RESULTADOS;https://x.com/ABDELAESPRIELLA/status/2068770390542049439;2834;76;536;52147;0;0;0;0;0;0;0
delaespriella_abelardo;Twitter;2026-06-21;18:03:26;ABDELAESPRIELLA;Hoy ganan los emprendedores. Hoy ganan las mujeres. Hoy ganan los campesinos. Hoy ganan las familias. Hoy gana la gente trabajadora. Hoy ganan nuestros jóvenes. Hoy ganan nuestros adultos mayores. Hoy ganan los estudiantes y los maestros. Hoy ganan los deportistas. Hoy ganan los;https://x.com/ABDELAESPRIELLA/status/2068756695325577495;21677;657;5070;269276;0;0;0;0;0;0;0
delaespriella_abelardo;Twitter;2026-06-21;15:38:30;ABDELAESPRIELLA;Después de meses recorriendo Colombia, abrazando a nuestra gente, escuchando sus historias y sintiendo de cerca sus esperanzas, vuelvo a lo más importante: mi familia.  Ellos han sido mi fuerza en los momentos difíciles, mi refugio en medio de la batalla y la razón más profunda;https://x.com/ABDELAESPRIELLA/status/2068720220072509860;15358;430;2859;171975;0;0;0;0;0;0;0
delaespriella_abelardo;Twitter;2026-06-21;13:23:39;ABDELAESPRIELLA;¡Llegó el día!  Hoy se juega el partido más importante de Colombia. Hoy decidimos el futuro de nuestra Patria y el porvenir de nuestros hijos.  Con la ayuda de Dios y el respaldo de millones de colombianos, vamos a ganar esta batalla democrática.  Les pido que salgan temprano a;https://x.com/ABDELAESPRIELLA/status/2068686284386627590;26375;1241;7255;445516;0;0;0;0;0;0;0
delaespriella_abelardo;Twitter;2026-06-21;13:00:33;ABDELAESPRIELLA;¡Vamos a jugar este partido!  Salgan a votar temprano, con ardentía y con pasión, para defender esta patria que nos lo ha dado todo.  Para decirles a nuestros hijos y nietos que, cuando el país nos necesitó, ahí estuvimos.  Ponle la raya al Tigre.  ¡Hoy más que nunca estoy firme;https://x.com/ABDELAESPRIELLA/status/2068680471425204284;3974;210;1211;50191;0;0;0;0;0;0;0
delaespriella_abelardo;Twitter;2026-06-21;03:02:04;ABDELAESPRIELLA;Yo no vine a hacer la política de siempre, vine a cambiarla para siempre.  Firme por la Patria.  (A.D.L.E);https://x.com/ABDELAESPRIELLA/status/2068529859924533645;3916;155;1117;40887;0;0;0;0;0;0;0
delaespriella_abelardo;Twitter;2026-06-21;02:17:17;ABDELAESPRIELLA;Quiero que en la Patria Milagro los más necesitados del país materialicen sus sueños y serán una prioridad en la Patria Milagro.   Firme por la Patria.  (A.D.L.E)   #AbelardoPresidente;https://x.com/ABDELAESPRIELLA/status/2068518588156145874;3026;108;1002;39085;0;0;0;0;0;0;0
delaespriella_abelardo;Twitter;2026-06-21;01:07:50;ABDELAESPRIELLA;Ùltimo gran live de Abelardo De La Espriella antes de decidir  el futuro de Colombia en las urnas.;https://x.com/ABDELAESPRIELLA/status/2068501112899170627;5288;195;1841;63948;0;0;0;0;0;0;0
delaespriella_abelardo;Twitter;2026-06-21;00:15:00;ABDELAESPRIELLA;Vamos a erradicar la extorsión con un bloque de búsqueda para perseguirlos y castigarlos.  ¡Les caeré con mano de hierro!  Firme por la Patria.  (A.D.L.E);https://x.com/ABDELAESPRIELLA/status/2068487814182752361;2697;93;921;36898;0;0;0;0;0;0;0
delaespriella_abelardo;Twitter;2026-06-20;23:23:34;ABDELAESPRIELLA;Agradezco al expresidente  @vicentefoxque  por su respaldo y por sumarse a quienes creen que Colombia merece una nueva etapa de crecimiento, seguridad y prosperidad.  La libertad y la democracia siguen encontrando aliados en todo el continente.  Firme por México.  Firme por la;https://x.com/ABDELAESPRIELLA/status/2068474873899262166;2343;55;712;26294;0;0;0;0;0;0;0
delaespriella_abelardo;Twitter;2026-06-20;21:30:00;ABDELAESPRIELLA;Nosotros traemos un nuevo orden para el país, en el marco de la Constitución y la ley, para servirle a la gente que más lo necesita.  Firme por la Patria.  (A.D.L.E);https://x.com/ABDELAESPRIELLA/status/2068446291647152530;1983;102;750;24976;0;0;0;0;0;0;0
delaespriella_abelardo;Twitter;2026-06-20;19:57:10;ABDELAESPRIELLA;"Nada de triunfalismos, el partido se acaba con el pitazo final.   Hoy y mañana nos jugamos la final; vamos a invitar a más indecisos, a más abstencionistas, a los que NUNCA han tenido un Presidente, a que salgan a votar.   Que nadie se quede en casa: todos a madrugar a";https://x.com/ABDELAESPRIELLA/status/2068422929101045875;6160;357;2379;83169;0;0;0;0;0;0;0
delaespriella_abelardo;Twitter;2026-06-20;18:56:40;ABDELAESPRIELLA;Hoy a las 8:00 p.m. #EnVivo por todas mis redes sociales y por  @RevistaSemana : entrevista con  @VickyDavilaH .  ¡Rumbo a la Patria Milagro! Firme por la Patria.  (A.D.L.E);https://x.com/ABDELAESPRIELLA/status/2068407703303528459;2528;121;1010;34147;0;0;0;0;0;0;0
delaespriella_abelardo;Twitter;2026-06-20;18:08:47;ABDELAESPRIELLA;Gracias al expresidente  @mauriciomacri  por su apoyo y por creer en el futuro de Colombia.  Compartimos la convicción de que el progreso se construye con libertad, seguridad y oportunidades para todos.  Firme por Argentina.  Firme por la Patria.   (A.D.L.E);https://x.com/ABDELAESPRIELLA/status/2068395652720054671;4234;90;1192;47992;0;0;0;0;0;0;0
delaespriella_abelardo;Twitter;2026-06-20;16:38:06;ABDELAESPRIELLA;Los que hicieron este video son unos genios.   Y además entendieron algo fundamental: el partido se juega hasta el pitazo final.  No podemos bajar la guardia ni un solo minuto. Cada voto por el Tigre es un gol contra los de siempre.  Por eso hay que salir temprano a votar,;https://x.com/ABDELAESPRIELLA/status/2068372834615751028;13214;573;4422;463635;0;0;0;0;0;0;0
delaespriella_abelardo;Twitter;2026-06-20;15:00:02;ABDELAESPRIELLA;Con la ayuda de Dios y la fuerza pública, haré de Colombia un país seguro, próspero y con futuro en la Patria Milagro.  Firme por la Patria.  (A.D.L.E);https://x.com/ABDELAESPRIELLA/status/2068348153322225813;2143;112;771;24778;0;0;0;0;0;0;0
delaespriella_abelardo;Twitter;2026-06-20;12:00:01;ABDELAESPRIELLA;"A los jóvenes de la primera línea les digo: no se dejen utilizar; mientras ustedes se exponen en las calles, los políticos que están detrás hacen tratos por debajo de la mesa.  En la era del Tigre, si actúan en el marco de la Constitución y la ley, les daré todas las";https://x.com/ABDELAESPRIELLA/status/2068302851504234700;6344;214;2721;72373;0;0;0;0;0;0;0
delaespriella_abelardo;Twitter;2026-06-20;00:23:06;ABDELAESPRIELLA;Recibí la patadita de la buena suerte del legendario Jorge Barón.  ¡Gracias por su apoyo, maestro!  Firme por la Patria.  (A.D.L.E);https://x.com/ABDELAESPRIELLA/status/2068127464723771713;11849;413;2852;129908;0;0;0;0;0;0;0
delaespriella_abelardo;Twitter;2026-06-19;22:48:31;ABDELAESPRIELLA;¡Jessi Uribe es parte de la manada del Tigre!  Firme por la Patria.  (A.D.L.E);https://x.com/ABDELAESPRIELLA/status/2068103661478113643;4537;107;1232;51721;0;0;0;0;0;0;0
delaespriella_abelardo;Twitter;2026-06-19;20:46:46;ABDELAESPRIELLA;En la era del Tigre vamos a recuperar el sistema de salud, para que las mujeres mayores como Ruby, tengan un vejez digna, con todas las garantías.  Este 21 de junio ¡ponle la raya al Tigre!   Firme por la Patria.  (A.D.L.E);https://x.com/ABDELAESPRIELLA/status/2068073025128317280;3074;100;1139;31993;0;0;0;0;0;0;0
delaespriella_abelardo;Twitter;2026-06-19;17:31:46;ABDELAESPRIELLA;Esto se gana hasta que se gana.  No podemos confiarnos ni un solo minuto. Hemos llegado muy lejos gracias al esfuerzo de millones de colombianos, pero el partido solo termina cuando el árbitro pita el final.  Por eso les pido que este 21 de junio salgan a votar temprano, lleven a;https://x.com/ABDELAESPRIELLA/status/2068023951364587858;10502;725;4206;141896;0;0;0;0;0;0;0
delaespriella_abelardo;Twitter;2026-06-19;16:35:54;ABDELAESPRIELLA;¡Costeño vota costeño!  Los invito a unir más bolivarenses a la manada, porque en mi gobierno su departamento tendrá un lugar especial.   Firme por Bolívar y Firme por la Patria.  (A.D.L.E);https://x.com/ABDELAESPRIELLA/status/2068009890061181375;8975;886;2697;212313;0;0;0;0;0;0;0
delaespriella_abelardo;Twitter;2026-06-19;12:13:35;ABDELAESPRIELLA;Fortaleceré la seguridad en los barrios con tecnología de punta y el acompañamiento de la Reserva, para que las familias salgan tranquilos de sus casas.  Firme por la Patria.;https://x.com/ABDELAESPRIELLA/status/2067943877441470943;3169;148;1332;32650;0;0;0;0;0;0;0
delaespriella_abelardo;Twitter;2026-06-19;11:30:44;ABDELAESPRIELLA;Kelyn González, actual y re electa  representante a la Camara liberal del Magdalena, y Rodrigo Roncallo, han sido encargados de torcer la democracia a favor de Cepeda en el Magdalena.  @DeputySecState    (A.D.L.E);https://x.com/ABDELAESPRIELLA/status/2067933094095569110;4651;169;2313;92459;0;0;0;0;0;0;0
delaespriella_abelardo;Twitter;2026-06-19;00:41:43;ABDELAESPRIELLA;Respetaremos el Estado de derecho y cumpliremos la ley.  Firme por la Patria. (A.D.L.E);https://x.com/ABDELAESPRIELLA/status/2067769763607023893;2555;108;949;33025;0;0;0;0;0;0;0
delaespriella_abelardo;Twitter;2026-06-18;23:58:46;ABDELAESPRIELLA;¡EN VIVO! Abelardo De La Espriella y José Manuel Restrepo en entrevista sin filtros con El Tiempo;https://x.com/ABDELAESPRIELLA/status/2067758956257185835;1313;61;496;27802;0;0;0;0;0;0;0
delaespriella_abelardo;Twitter;2026-06-18;23:27:36;ABDELAESPRIELLA;Qué alegría compartir con grandes exponentes de la música popular colombiana.  Gracias por su cariño, por su respaldo y por demostrar que esta causa une a colombianos de todos los rincones y de todos los sectores. Ustedes también hacen parte de esta gran manada que sueña con una;https://x.com/ABDELAESPRIELLA/status/2067751110983795062;10254;750;3548;1018585;0;0;0;0;0;0;0
delaespriella_abelardo;Twitter;2026-06-18;18:13:32;ABDELAESPRIELLA;¡Viva la libertad, carajo!  Agradezco profundamente el respaldo y las palabras de aliento del presidente de Argentina, Javier Milei.  Estoy convencido de que un León en Argentina y un Tigre en Colombia pueden ayudar a construir una Latinoamérica más fuerte, más libre y con más;https://x.com/ABDELAESPRIELLA/status/2067672074643275921;11495;644;3616;552140;0;0;0;0;0;0;0
delaespriella_abelardo;Twitter;2026-06-18;16:20:47;ABDELAESPRIELLA;Otro más a la lista, querido  @DeputySecState : el impresentable Mario Urán. (A.D.L.E);https://x.com/ABDELAESPRIELLA/status/2067643699010388074;4021;286;1298;417015;0;0;0;0;0;0;0
delaespriella_abelardo;Twitter;2026-06-18;15:11:19;ABDELAESPRIELLA;Hay una verdad que los colombianos no pueden ignorar: cuando los criminales dejan de servir a los intereses del poder, entonces sí aparecen las órdenes para combatirlos.  Durante años nos vendieron una supuesta paz mientras los grupos armados crecían, se fortalecían y expandían;https://x.com/ABDELAESPRIELLA/status/2067626216207560714;7907;387;3361;87067;0;0;0;0;0;0;0
delaespriella_abelardo;Twitter;2026-06-18;11:51:53;ABDELAESPRIELLA;La libertad en las Américas necesita liderazgos fuertes, decididos, independientes, valientes, patrióticos.  Compartiremos, usted y yo, una responsabilidad que nos conceden Dios y el Pueblo: combatir a la izquierda radical que busca destruir los valores sobre los cuales reposan;https://x.com/ABDELAESPRIELLA/status/2067576030248779871;7760;572;2875;120340;0;0;0;0;0;0;0
delaespriella_abelardo;Twitter;2026-06-18;00:02:12;ABDELAESPRIELLA;#ColombiaGanaConElTigre   Lo he dado todo en esta campaña. Me he puesto la 10 por la Patria Milagro y he dejado el alma en cada ciudad, en cada pueblo y en cada rincón de Colombia.  Pero este partido nunca lo he jugado solo. El verdadero equipo ha sido el pueblo colombiano.;https://x.com/ABDELAESPRIELLA/status/2067397429897347488;5407;262;2150;103713;0;0;0;0;0;0;0
delaespriella_abelardo;Twitter;2026-06-17;19:11:16;ABDELAESPRIELLA;Vinimos a renovar las fuerzas del pueblo colombiano y a llenarlo de esperanza.  Hemos renovado el patriotismo mientras presentamos propuestas serias para construir una Patria Milagro.  Firme por la Patria.  (A.D.L.E);https://x.com/ABDELAESPRIELLA/status/2067324214160347283;2750;120;1075;33638;0;0;0;0;0;0;0
delaespriella_abelardo;Twitter;2026-06-17;18:28:03;ABDELAESPRIELLA;¡EN VIVO! Abelardo De La Espriella y José Manuel Restrepo en entrevista con Juan Roberto Vargas  https:// x.com/i/broadcasts/1 qxoNNkBnDZJv …;https://x.com/ABDELAESPRIELLA/status/2067313338368106633;1088;66;409;25924;0;0;0;0;0;0;0
delaespriella_abelardo;Twitter;2026-06-17;17:35:48;ABDELAESPRIELLA;En minutos #EnVivo con  @NoticiasCaracol .   Entra ya a mis redes sociales y conéctate rumbo a la Patria Milagro.  Firme por la Patria.;https://x.com/ABDELAESPRIELLA/status/2067300188729831520;1191;49;361;25868;0;0;0;0;0;0;0
delaespriella_abelardo;Twitter;2026-06-17;15:26:49;ABDELAESPRIELLA;Lo que está ocurriendo es extremadamente grave.  A pocos días de la elección definitiva para la Presidencia de Colombia, Gustavo Petro ordena a la Fuerza Pública cesar operaciones contra estructuras narcoterroristas y criminales, una decisión que genera enormes preocupaciones;https://x.com/ABDELAESPRIELLA/status/2067267729992597846;8362;371;3962;83340;0;0;0;0;0;0;0
delaespriella_abelardo;Twitter;2026-06-17;13:12:45;ABDELAESPRIELLA;Colombianos en el exterior: hay que seguir multiplicando los votos. Los invito a salir masivamente a votar para consolidar la Patria Milagro.  Firme por la Patria.  (A.D.L.E);https://x.com/ABDELAESPRIELLA/status/2067233990277202288;10611;447;3614;100434;0;0;0;0;0;0;0
delaespriella_abelardo;Twitter;2026-06-17;12:16:54;ABDELAESPRIELLA;¡Que belleza! Gracias (A.D.L.E);https://x.com/ABDELAESPRIELLA/status/2067219937186160993;3502;93;1200;88668;0;0;0;0;0;0;0
delaespriella_abelardo;Twitter;2026-06-17;00:21:53;ABDELAESPRIELLA;Si Petro no reconoce los resultados en segunda vuelta, como no lo ha hecho en la primera jornada, se cae el velo por completo y queda al desnudo un autócrata, un tirano en ciernes.  El Ejército de la Patria deberá, conforme a la Constitución, restablecer el orden.   Firme por la;https://x.com/ABDELAESPRIELLA/status/2067039994808582509;8237;315;3481;97089;0;0;0;0;0;0;0
delaespriella_abelardo;Twitter;2026-06-16;23:24:03;ABDELAESPRIELLA;Hace 11 meses emprendí un camino que me cambió la vida.  Recorrí Colombia de punta a punta, conocí historias que me inspiraron, abracé a miles de compatriotas y confirmé que esta Patria está llena de gente buena que jamás ha dejado de creer.  Cada sonrisa, cada palabra de aliento;https://x.com/ABDELAESPRIELLA/status/2067025442700144905;11137;362;3974;99287;0;0;0;0;0;0;0
delaespriella_abelardo;Twitter;2026-06-16;23:02:51;ABDELAESPRIELLA;¡ATENCIÓN! Abelardo De La Espriella está EN VIVO con Néstor Morales;https://x.com/ABDELAESPRIELLA/status/2067020107201888401;1487;69;534;42893;0;0;0;0;0;0;0
delaespriella_abelardo;Twitter;2026-06-16;21:46:18;ABDELAESPRIELLA;Hoy a las 6:00 p.m. conéctate a todas mis redes sociales y sigue la entrevista #EnVivo para  @BluRadioCo , con  @NestorMoralesC .  Firme por la Patria.  (A.D.L.E);https://x.com/ABDELAESPRIELLA/status/2067000842822078605;1649;74;521;26359;0;0;0;0;0;0;0
delaespriella_abelardo;Twitter;2026-06-16;17:59:35;ABDELAESPRIELLA;Ahora sí te acordaste de los caleños y de los vallecaucanos, ¿por qué será?  Porque les arrebataste su sueño del Tren de Cercanías. Los dejaste solos, sin acueducto ni dragado en Buenaventura. Les cortaste las alas con el deporte, en lo que son los mejores. Le bajaste el telón a;https://x.com/ABDELAESPRIELLA/status/2066943789126894044;7856;551;2929;255419;0;0;0;0;0;0;0
delaespriella_abelardo;Twitter;2026-06-16;15:13:32;ABDELAESPRIELLA;Mientras Cepeda hace lo que ha hecho durante toda su vida política: sustentar su carrera en denuncias falsas, señalamientos infundados y mentiras, yo sigo enfocado en trabajar por Colombia, como caballo cochero, rumbo a la Patria Milagro.  Para que no pierda el tiempo conmigo, le;https://x.com/ABDELAESPRIELLA/status/2066901997933019549;10573;925;3315;329954;0;0;0;0;0;0;0
delaespriella_abelardo;Twitter;2026-06-16;13:27:55;ABDELAESPRIELLA;Habrá buenas noticias para Colombia y para los colombianos patriotas en el exterior. Dura lex, sed lex… Coming soon. (A.D.L.E);https://x.com/ABDELAESPRIELLA/status/2066875419698102556;10192;542;3581;453270;0;0;0;0;0;0;0
